"DRXFDCD","DRXFCLD"
11112000,"MILK, COW'S, FLUID, NOT WHOLE, NS AS TO % FAT"
11210000,"MILK, EVAPORATED, NS AS TO FAT CONTENT & DILUTION"
11210100,"MILK, EVAPORATED, NS AS TO FAT, UNDILUTED"
11211000,"MILK, EVAPORATED, WHOLE, NS AS TO DILUTION"
11211100,"MILK, EVAPORATED, WHOLE, UNDILUTED"
11211200,"MILK, EVAPORATED, WHOLE, DILUTED"
11212000,"Milk, evaporated, skim, NS as to dilution"
11212100,"Milk, evaporated, skim, undiluted"
11220100,"Milk, condensed, sweetened, undiluted"
11220200,"Milk, condensed, sweetened, diluted"
11310000,"MILK, IMITATION, FLUID, SOY BASED"
11330000,"MILK, SOY, DRY, RECONSTITUTED, NOT BABY"
11420000,"YOGURT, VANILLA, LEMON, COFFEE, NS AS TO MILK TYPE"
11421000,"YOGURT, VANILLA, LEMON, COFFEE, WHOLE MILK"
11422000,"YOGURT, VANILLA, LEMON, COFFEE, LOWFAT MILK"
11422100,"Yogurt, vanilla, lemon, maple, or coffee flavor, lowfat milk, sweetened with low calorie sweetener"
11423000,"YOGURT, VANILLA, LEMON, COFFEE, NONFAT MILK"
11424000,"YOGURT, VANILLA, LEMON, COFFEE, NONFAT MILK, LOW CAL SWEET"
11424500,"Yogurt, Greek, vanilla, whole milk"
11424510,"Yogurt, Greek, vanilla, low fat"
11424520,"Yogurt, Greek, vanilla, nonfat"
11425000,"Yogurt, chocolate, NS as to type of milk"
11426000,"Yogurt, chocolate, whole milk"
11427000,"Yogurt, chocolate, nonfat milk"
11428000,"Yogurt, Greek, chocolate, nonfat"
11432500,"Yogurt, fruit variety, lowfat milk, sweetened with low-calorie sweetener"
11433500,"YOGURT, FRUITED, NONFAT MILK, LOW CAL SWEETENER"
11445000,"Yogurt, fruit and nuts, lowfat milk"
11512000,"COCOA,HOT CHOCOLATE,NOT FROM DRY MIX, W/WHOLE MILK"
11512500,"SPANISH-STYLE HOT CHOCOLATE DRINK, PUERTO RICAN STYLE, MADE"
11512510,"Hot chocolate, Puerto Rican style, made with low fat milk"
11514300,"COCOA W/ NF DRY MILK, LO CAL SWEETENER, WATER ADDED"
11514500,"COCOA W/ WHEY, LO CAL SWEETNR, FORTIFD, WATER ADDED"
11516000,"COCOA, WHEY, LO CAL SWEETNER MIX, LOWFAT MILK ADDED"
11519000,"MILK BEVERAGE, NOT CHOCOLATE, W/ WHOLE MILK"
11521000,"Milk, malted, unfortified, chocolate, made with milk"
11522000,"Milk, malted, unfortified, natural flavor, made with milk"
11525000,"Milk, malted, fortified, natural flavor, made with milk"
11527000,"MILK, MALTED, FORTIFIED, (INCL OVALTINE)"
11541000,"MILK SHAKE, NS AS TO FLAVOR OR TYPE"
11541100,"Milk shake, homemade or fountain-type, NS as to flavor"
11541500,"MILK SHAKE, MADE W/ SKIM MILK, CHOCOLATE"
11541510,"MILK SHAKE,MADE W/ SKIM MILK, NOT CHOCOLATE"
11552200,"ORANGE JULIUS"
11553000,"FRUIT SMOOTHIE DRINK, W/ FRUIT AND DAIRY PRODUCTS"
11560020,"MILK DRINK, WHEY&MILK-BASE, NOT CHOC (INCL YOO-HOO)"
11561000,"Cafe con leche"
11561010,"CAFE CON LECHE PREPARED W/ SUGAR"
11611000,"INSTANT BREAKFAST, FLUID, CANNED"
11612000,"INSTANT BREAKFAST, POWDER, MILK ADDED"
11613000,"Instant breakfast, powder, sweetened with low calorie sweetener, milk added"
11623000,"MEAL SUPPLEMENT / REPLACEMENT,PREPARED,RTD"
11631000,"HIGH CALORIE BEV, CANNED OR POWDERED, RECONSTITUTED"
11641000,"MEAL REPLACEMENT, MILK BASED, HIGH PROTEIN, LIQUID"
11641020,"Meal replacement or supplement, milk based, ready-to-drink"
11710061,"Similac Alimentum Advance, with iron, infant formula, ready-to-feed"
11710063,"Similac Alimentum Advance, with iron, infant formula, prepared from powder"
11710102,"ENFAMIL, LOW IRON, INFANT FORMULA, FROM LIQUID CONCENTRATE"
11710103,"ENFAMIL, LOW IRON, INFANT FORMULA, PREPARED FROM POWDER"
11710200,"Similac, low iron, infant formula, NS as to form"
11710201,"SIMILAC, LOW IRON, INFANT FORMULA, READY-TO-FEED"
11710202,"SIMILAC, LOW IRON, INFANT FORMULA, FROM LIQUID CONCENTRATE"
11710203,"SIMILAC, LOW IRON, INFANT FORMULA, PREPARED FROM POWDER"
11710387,"Similac Sensitive for Spit-Up, infant formula, prepared from powder, made with tap water"
11710388,"Similac Sensitive for Spit-Up, infant formula, prepared from powder, made with plain bottled water"
11710389,"Similac Sensitive for Spit-Up, infant formula, prepared from powder, made with baby water"
11710400,"SIMILAC W/ IRON, INFANT FORMULA, NS AS TO FORM"
11710401,"SIMILAC W/ IRON, INFANT FORMULA, READY-TO-FEED"
11710402,"SIMILAC W/ IRON, INFANT FORMULA, FROM LIQUID CONCENTRATE"
11710403,"SIMILAC W/ IRON, INFANT FORMULA, PREPARED FROM POWDER"
11710451,"SIMILAC SPECIAL CARE 24, IRON, INFANT FORMULA, READY-TO-FEED"
11710482,"Similac Go and Grow, infant formula, prepared from powder, made with tap water"
11710484,"Similac Go and Grow, infant formula, prepared from powder, made with baby water"
11710600,"ENFAMIL W/ IRON, INFANT FORMULA, NS AS TO FORM"
11710601,"ENFAMIL W/ IRON, INFANT FORMULA, READY-TO-FEED"
11710602,"ENFAMIL W/ IRON, INFANT FORMULA, FROM LIQUID CONCENTRATE"
11710603,"ENFAMIL W/ IRON, INFANT FORMULA, PREPARED FROM POWDER"
11710640,"Enfamil PREMIUM LIPIL, infant formula, NS as to form"
11710643,"Enfamil PREMIUM LIPIL, infant formula, prepared from powder, made with water, NFS"
11710644,"Enfamil PREMIUM LIPIL, infant formula, prepared from liquid concentrate, made with tap water"
11710645,"Enfamil PREMIUM LIPIL, infant formula, prepared from liquid concentrate, made with plain bottled water"
11710646,"Enfamil PREMIUM LIPIL, infant formula, prepared from liquid concentrate, made with baby water"
11710647,"Enfamil PREMIUM LIPIL, infant formula, prepared from powder, made with tap water"
11710648,"Enfamil PREMIUM LIPIL, infant formula, prepared from powder, made with plain bottled water"
11710649,"Enfamil PREMIUM LIPIL, infant formula, prepared from powder, made with baby water"
11710650,"Enfamil Lipil, with iron, infant formula, NS as to form"
11710651,"Enfamil Lipil, with iron, infant formula, ready-to-feed"
11710652,"Enfamil Lipil, with iron, infant formula, prepared from liquid concentrate"
11710653,"Enfamil Lipil, with iron, infant formula, prepared from powder"
11710654,"Enfamil LIPIL, infant formula, prepared from liquid concentrate, made with tap water"
11710656,"Enfamil LIPIL, infant formula, prepared from liquid concentrate, made with baby water"
11710657,"Enfamil LIPIL, infant formula, prepared from powder, made with tap water"
11710658,"Enfamil LIPIL, infant formula, prepared from powder, made with plain bottled water"
11710659,"Enfamil LIPIL, infant formula, prepared from powder, made with baby water"
11710710,"LACTOFREE, W/ IRON, INFANT FORMULA, NS FORM"
11710711,"LACTOFREE, W/ IRON, INFANT FORMULA, READY-TO-FEED"
11710712,"LACTOFREE, W/ IRON, INFANT FORMULA, FROM LIQUID CONCENTRATE"
11710713,"LACTOFREE, W/ IRON, INFANT FORMULA, FROM POWDER"
11710720,"Enfamil LactoFree Lipil, with iron, infant formula, NS as to form"
11710721,"Enfamil LactoFree Lipil, with iron, infant formula, ready-to-feed"
11710723,"Enfamil LactoFree Lipil, with iron, infant formula, prepared from powder"
11710900,"CARNATION GOOD START, IRON, INFANT FORMULA, NS FORM"
11710901,"Good Start Supreme, with iron, infant formula, ready-to-feed (formerly Carnation Good Start)"
11710902,"CARNATION GOOD START,W/IRON,INFANT FORMULA,LIQUID CONCENTRAT"
11710903,"CARNATION GOOD START, W/ IRON, INFANT FORMULA, FROM POWDER"
11710937,"Gerber Good Start 2 Gentle Plus, infant formula, prepared from powder, made with tap water"
11710949,"Gerber Good Start 2 Protect Plus, infant formula, prepared from powder, made with baby water"
11710951,"CARNATION FOLLOW-UP,W/ IRON,INFANT FORMULA,READY-TO-FEED"
11710953,"CARNATION FOLLOW-UP, W/ IRON, INFANT FORMULA, FR POWDER"
11720300,"PROSOBEE, W/ IRON, INFANT FORMULA, NS AS TO FORM"
11720301,"PROSOBEE, W/ IRON, INFANT FORMULA, READY-TO-FEED"
11720302,"PROSOBEE, W/ IRON, INFANT FORMULA, FROM LIQUID CONCENTRATE"
11720303,"PROSOBEE, W/ IRON, INFANT FORMULA, PREPARED FROM POWDER"
11720328,"Enfamil Enfagrow Soy Next Step LIPIL, infant formula, prepared from powder, made with plain bottled water"
11720400,"ISOMIL, W/ IRON, INFANT FORMULA, NS AS TO FORM"
11720401,"ISOMIL, W/ IRON, INFANT FORMULA, READY-TO-FEED"
11720402,"ISOMIL, W/ IRON, INFANT FORMULA, FROM LIQUID CONCENTRATE"
11720403,"ISOMIL, W/ IRON, INFANT FORMULA, PREPARED FROM POWDER"
11720600,"CARNATION ALSOY, W/ IRON, INFANT FORMULA, NS AS TO FORM"
11720601,"Good Start Essentials Soy, with iron, infant formula, ready-to-feed (formerly Carnation Alsoy; I-Soyalac)"
11720602,"CARNATION ALSOY, W/ IRON, INFANT FORMULA, FROM LIQUID CONCEN"
11720603,"CARNATION ALSOY, W/ IRON, INFANT FORMULA, FROM POWDER"
11720629,"Gerber Good Start 2 Soy Plus, infant formula, prepared from powder, made with baby water"
11720703,"Next Step Prosobee, with iron, infant formula, prepared from powder (formerly Next Step Soy Toddler Formula)"
11740300,"NUTRAMIGEN, W/ IRON, INFANT FORMULA, NS AS TO FORM"
11740301,"Nutramigen, with iron, infant formula, ready-to-feed"
11740302,"NUTRAMIGEN, W/ IRON, INFANT FORMULA, FR  LIQUID CONCENTRATE"
11740303,"NUTRAMIGEN, W/ IRON, INFANT FORMULA, PREPARED FROM POWDER"
11740318,"Enfamil Nutramigen LIPIL, infant formula, prepared from powder, made with plain bottled water"
11740319,"Enfamil Nutramigen LIPIL, infant formula, prepared from powder, made with baby water"
11740329,"Enfamil Nutramigen AA LIPIL, infant formula, prepared from powder, made with baby water"
11740407,"Enfmail Pregestimil LIPIL, infant formula, prepared from powder, made with tap water"
11740520,"Enfamil Premature LIPIL 20, with iron, infant formula, NS as to form"
11830110,"COCOA POWDER W/ NFD MILK, LOW CAL SWEETENER, DRY"
11830120,"Cocoa, whey, and low calorie sweetener, fortified, dry mix, not reconstituted"
11830140,"Chocolate, instant, dry mix, fortified with vitamins and minerals, not reconstituted, Puerto Rican style"
11830170,"COCOA, WHEY, LO CAL SWEETNER MIX, NOT RECONST"
11830200,"Milk, malted, dry mix, unfortified, not reconstituted, flavors other than chocolate"
11830210,"MILK, MALTED, DRY, FORTIFD, NOT RECONST, NOT CHOC"
11830500,"MILK BEV POWDER W/ NFD MILK, LOW CAL, DRY, CHOC"
11830550,"Milk beverage, powder, with nonfat dry milk and low calorie sweetener, dry mix, not reconstituted, flavors other than chocolate"
11830800,"INSTANT BREAKFAST POWDER, NOT RECONSTITUTED"
11830810,"INSTANT BFAST,PWDR,SWT W/ LO CAL SWT,NOT RECONSTUT"
11830850,"HIGH CALORIE MILK BEVERAGE, POWDER, NOT RECONST"
11830900,"PROTEIN SUPPLEMENT, MILK BASED, DRY POWDER"
11830940,"MEAL REPLACEMENT,PROTEIN,MILK BASED,FRUIT JUICE MIX"
11830970,"MEAL REPLACEMENT, PROTEIN TYPE, MILK-BASE, POWDER"
11830990,"Nutrient supplement, milk-based, powdered, not reconstituted"
11831500,"NUTRIENT SUPPLEMENT,MILK-BASE,HIGH PROT,NOT RECONST"
11832000,"MEAL REPLACEMENT,MILK-&SOY-BASE,POWDER,NOT RECONST"
11836000,"Protein supplement, milk-based, Muscle Milk, powdered, not reconstituted"
11836100,"Protein supplement, milk-based, Muscle Milk Light, powdered, not reconstituted"
12110300,"CREAM, LIGHT, WHIPPED, UNSWEETENED"
12120105,"Cream, half and half, low fat"
12130200,"Cream, heavy, whipped, unsweetened"
12140100,"CREAM, WHIPPED, PRESSURIZED CONTAINER"
12140105,"Cream, whipped, pressurized container, light"
12140110,"Whipped topping, dairy based, fat free, pressurized container"
12210100,"Cream substitute, frozen"
12210250,"CREAM SUBSTITUTE, LIGHT, LIQUID"
12210255,"Cream substitute, light, flavored, liquid"
12210305,"Cream substitute, sugar free, liquid"
12210410,"CREAM SUBST, LIGHT, POWDERED (INCL COFFEE MATE, CRE"
12210500,"Cream substitute, sugar free, powder"
12220000,"WHIPPED TOPPING, NONDAIRY, NS AS TO CND/FRZ/POWDER"
12220100,"WHIPPED TOPPING, NONDAIRY, PRESSURIZED CAN"
12220250,"WHIPPED TOPPING, NONDAIRY, FZN, LOWFAT (INCL COOL)"
12220300,"Whipped cream substitute, nondairy, made from powdered mix"
12220400,"Whipped cream substitute, nondairy, lowfat, low sugar, made from powdered mix"
12350000,"DIP, SOUR CREAM BASE (INCLUDE BUTTERMILK-TYPE DIP)"
12350020,"DIP, SOUR CREAM BASE, REDUCED CALORIE"
12350100,"SPINACH DIP, SOUR CREAM BASE"
12350110,"Spinach and artichoke dip"
14010100,"CHEESE,CHEDDAR/AMERICAN TYPE,NS NATURAL OR PROCESSED"
14100100,"CHEESE, NATURAL, NFS"
14104010,"CHEESE, NATURAL, CHEDDAR OR AMERICAN TYPE"
14104015,"Cheese, natural, Cheddar or American type, reduced fat"
14104020,"CHEESE, CHEDDAR OR AMERICAN TYPE, DRY, GRATED"
14108050,"CHEESE, PARMESAN, LOW SODIUM"
14110030,"CHEESE, CHEDDAR OR COLBY, LOWFAT"
14410200,"CHEESE, PROCESSED, AMERICAN/CHEDDAR  TYPE"
14410300,"CHEESE, PROCESSED, AMERICAN/CHEDDAR TYPE, LOWFAT"
14410350,"CHEESE, PROCESSED, AMERICAN/CHEDDAR  TYPE, NONFAT"
14410400,"CHEESE, PROCESSED, SWISS"
14410420,"CHEESE, PROCESSED, SWISS, LOW FAT"
14420000,"CHEESE SPREAD, NFS"
14502010,"Imitation cheese, American or cheddar type"
14504010,"IMITATION MOZZARELLA CHEESE (INCL PIZZA MATE)"
14620100,"DIP, CREAM CHEESE BASE"
14620120,"SHRIMP DIP, CREAM CHEESE BASE (INCL CLAM DIP)"
21500110,"GROUND BEEF,MEATBALLS, MEAT ONLY, NS AS TO REG/LEAN"
21500200,"GROUND BEEF OR PATTY, BREADED, COOKED"
21500300,"Ground beef patty, cooked (for fast food sandwiches)"
21501000,"GROUND BEEF, REGULAR, COOKED"
21501200,"GROUND BEEF, LEAN, COOKED"
21501300,"GROUND BEEF, EXTRA LEAN, COOKED"
21501350,"Ground beef, 90% - 94% lean, cooked"
21501360,"Ground beef, 95% or more lean, cooked"
21540100,"Ground beef with textured vegetable protein, cooked"
21601250,"BEEF, BACON, COOKED, LEAN ONLY"
21603000,"BEEF, PASTRAMI (BEEF, SMOKED, SPICED)"
22601020,"PORK BACON, SMOKED OR CURED, COOKED, LEAN ONLY"
22605010,"BACON, FORMED, LEAN MEAT ADDED, COOKED"
23108020,"Lamb, shoulder, cooked, lean only eaten"
24104000,"CHICKEN, FRIED, NO COATING, NS PART, NS SKIN"
24104010,"Chicken, NS as to part, fried, no coating, skin eaten"
24104020,"CHICKEN, FRIED, NO COATING, NS PART, W/O SKIN"
24107000,"CHICKEN, COATED, BKD/FRD, PPD W/ SKIN, NS SKIN EATEN"
24107001,"Chicken, NS as to part, coated, baked or fried, prepared with skin, NS as to skin/coating eaten, fat not added in cooking"
24107010,"CHICKEN, COATED, BKD/FRD, PPD W/ SKIN, SKIN EATEN"
24107020,"CHICKEN, COATED, BKD/FRD, PPD W/ SKIN, SKIN NOT EATEN"
24107040,"CHICK, NS PART, COATED, BKD/FD, PREP SKINLES, NS COAT EAT"
24107050,"CHICK, NS PART, COATED, BKD/FD, PREP SKINLESS, COAT EAT"
24107060,"Chicken, NS as to part, coated, baked or fried, prepared skinless, coating not eaten"
24120100,"CHICKEN, BREAST, NFS"
24122100,"CHICKEN, BREAST, ROASTED OR BROILED, NS AS TO SKIN"
24122110,"CHICKEN, BREAST, ROASTED OR BROILED, W/SKIN"
24122120,"CHICKEN, BREAST, ROASTED OR BROILED, W/O SKIN"
24123100,"CHICKEN, BREAST, STEWED, NS AS TO SKIN"
24124100,"CHICKEN, BREAST, FRIED, NO COATING, NS AS TO SKIN"
24124110,"CHICKEN, BREAST, FRIED, NO COATING, W/ SKIN"
24124113,"Chicken, breast, fried, no coating, skin eaten, made with oil"
24124115,"Chicken, breast, fried, no coating, skin eaten, made without fat"
24124120,"CHICKEN, BREAST, FRIED, NO COATING, W/O SKIN"
24124121,"Chicken, breast, fried, no coating, skin not eaten, made with shortening"
24124122,"Chicken, breast, fried, no coating, skin not eaten, made with butter"
24124123,"Chicken, breast, fried, no coating, skin not eaten, made with oil"
24124124,"Chicken, breast, fried, no coating, skin not eaten, made with cooking spray"
24127100,"CHICKEN, BREAST,COATED,BKD/FRD,PPD W/ SKIN,NS SKIN EATEN"
24127110,"CHICKEN, BREAST,COATED,BKD/FRD,PPD W/ SKIN, SKIN EATEN"
24127112,"Chicken, breast, coated, baked or fried, prepared with skin, skin/coating eaten, made with butter"
24127113,"Chicken, breast, coated, baked or fried, prepared with skin, skin/coating eaten, made with oil"
24127115,"Chicken, breast, coated, baked or fried, prepared with skin, skin/coating eaten, made without fat"
24127120,"CHICKEN, BREAST,COATED,BKD/FRD,PPD W/ SKIN, SKIN NOT EATEN"
24127125,"Chicken, breast, from fast food, coated, baked or fried, prepared with skin, NS as to skin/coating eaten"
24127130,"Chicken, breast, from fast food, coated, baked or fried, prepared with skin, skin/coating eaten"
24127135,"Chicken, breast, from fast food, coated, baked or fried, prepared with skin, skin/coating not eaten"
24127140,"CHICKEN,BREAST,COATED,BKD/FRD,PPD SKINLESS,NS COAT EATEN"
24127141,"Chicken, breast, coated, baked or fried, prepared skinless, NS as to coating eaten, fat not added in cooking"
24127150,"CHICKEN,BREAST,COATED,BKD/FRD,PPD SKINLESS,COAT EATEN"
24127151,"Chicken, breast, coated, baked or fried, prepared skinless, coating eaten, made with shortening"
24127152,"Chicken, breast, coated, baked or fried, prepared skinless, coating eaten, made with butter"
24127153,"Chicken, breast, coated, baked or fried, prepared skinless, coating eaten, made with oil"
24127155,"Chicken, breast, coated, baked or fried, prepared skinless, coating eaten, made without fat"
24127160,"CHICKEN,BREAST,COATED,BKD/FRD,PPD SKINLESS,COAT NOT EATEN"
24127163,"Chicken, breast, coated, baked or fried, prepared skinless, coating not eaten, made with oil"
24127165,"Chicken, breast, coated, baked or fried, prepared skinless, coating not eaten, made without fat"
24130200,"CHICKEN, LEG, NFS"
24132200,"CHICKEN, LEG, BROILED OR ROASTED, NS AS TO SKIN"
24132210,"CHICKEN, LEG, BROILED OR ROASTED, W/ SKIN"
24132220,"CHICKEN, LEG, BROILED OR ROASTED, W/O SKIN"
24133200,"CHICKEN, LEG, STEWED, NS AS TO SKIN"
24134200,"CHICKEN, LEG, FRIED, NO COATING, NS AS TO SKIN"
24134210,"CHICKEN, LEG, FRIED, NO COATING, W/ SKIN"
24134220,"CHICKEN, LEG, FRIED, NO COATING, W/O SKIN"
24137200,"Chicken, leg (drumstick and thigh), coated, baked or fried, prepared with skin, NS as to skin/coating eaten"
24137210,"CHICKEN, LEG,COATED,BKD/FRD,PPD W/ SKIN, SKIN EATEN"
24137220,"CHICKEN, LEG,COATED,BKD/FRD,PPD W/ SKIN, SKIN NOT EATEN"
24137240,"CHICKEN,LEG,COATED,BKD/FRD,PPD SKINLESS,NS COAT EATEN"
24137250,"CHICKEN,LEG,COATED,BKD/FRD,PPD SKINLESS,COAT EATEN"
24137260,"Chicken, leg (drumstick and thigh), coated, baked or fried, prepared skinless, coating not eaten"
24140200,"CHICKEN, DRUMSTICK, NFS"
24142200,"CHICKEN, DRUMSTICK, ROASTED OR BROILED, NS AS TO SKIN"
24142210,"CHICKEN, DRUMSTICK, ROASTED OR BROILED, W/ SKIN"
24142220,"CHICKEN, DRUMSTICK, ROASTED OR BROILED, W/O SKIN"
24143200,"CHICKEN, DRUMSTICK, STEWED, NS AS TO SKIN"
24144200,"CHICKEN, DRUMSTICK, FRIED, NO COATING,NS AS TO SKIN"
24144210,"CHICKEN, DRUMSTICK, FRIED, NO COATING, W/ SKIN"
24144212,"Chicken, drumstick, fried, no coating, skin eaten, made with butter"
24144213,"Chicken, drumstick, fried, no coating, skin eaten, made with oil"
24144215,"Chicken, drumstick, fried, no coating, skin eaten, made without fat"
24144220,"CHICKEN, DRUMSTICK, FRIED, NO COATING, W/O SKIN"
24144221,"Chicken, drumstick, fried, no coating, skin not eaten, made with shortening"
24144223,"Chicken, drumstick, fried, no coating, skin not eaten, made with oil"
24144225,"Chicken, drumstick, fried, no coating, skin not eaten, made without fat"
24147200,"CHICKEN,DRUMSTICK,COATED,BKD/FRD,PPD W/SKIN,NS SKIN EAT"
24147210,"CHICKEN,DRUMSTICK,COATED,BKD/FRD,PPD W/SKIN, SKIN EAT"
24147212,"Chicken, drumstick, coated, baked or fried, prepared with skin, skin/coating eaten, made with butter"
24147213,"Chicken, drumstick, coated, baked or fried, prepared with skin, skin/coating eaten, made with oil"
24147215,"Chicken, drumstick, coated, baked or fried, prepared with skin, skin/coating eaten, made without fat"
24147220,"CHICKEN,DRUMSTICK,COATED,BKD/FRD,PPD W/SKIN, SKIN NOT EAT"
24147223,"Chicken, drumstick, coated, baked or fried, prepared with skin, skin/coating not eaten, made with oil"
24147225,"Chicken, drumstick, from fast food, coated, baked or fried, prepared with skin, NS as to skin/coating eaten"
24147230,"Chicken, drumstick, from fast food, coated, baked or fried, prepared with skin, skin/coating eaten"
24147235,"Chicken, drumstick, from fast food, coated, baked or fried, prepared with skin, skin/coating not eaten"
24147240,"CHICKEN,DRUMSTICK,COATED,BKD/FRD,PPD SKINLESS,NS COAT EAT"
24147250,"CHICKEN,DRUMSTICK,COATED,BKD/FRD,PPD SKINLESS, COAT EAT"
24147251,"Chicken, drumstick, coated, baked or fried, prepared skinless, coating eaten, made with shortening"
24147252,"Chicken, drumstick, coated, baked or fried, prepared skinless, coating eaten, made with butter"
24147253,"Chicken, drumstick, coated, baked or fried, prepared skinless, coating eaten, made with oil"
24147260,"CHICKEN,DRUMSTICK,COATED,BKD/FRD,PPD SKINLESS, COAT NOT EAT"
24147263,"Chicken, drumstick, coated, baked or fried, prepared skinless, coating not eaten, made with oil"
24150200,"CHICKEN, THIGH, NFS"
24152200,"CHICKEN, THIGH, BROILED OR ROASTED, NS AS TO SKIN"
24152210,"CHICKEN, THIGH, BROILED OR ROASTED, W/ SKIN"
24152220,"CHICKEN, THIGH, BROILED OR ROASTED, W/O SKIN"
24153200,"CHICKEN, THIGH, STEWED, NS AS TO SKIN"
24154200,"CHICKEN, THIGH, FRIED, NO COATING, NS AS TO SKIN"
24154210,"CHICKEN, THIGH, FRIED, NO COATING, W/ SKIN"
24154211,"Chicken, thigh, fried, no coating, skin eaten, made with shortening"
24154212,"Chicken, thigh, fried, no coating, skin eaten, made with butter"
24154213,"Chicken, thigh, fried, no coating, skin eaten, made with oil"
24154215,"Chicken, thigh, fried, no coating, skin eaten, made without fat"
24154220,"CHICKEN, THIGH, FRIED, NO COATING, W/O SKIN"
24154222,"Chicken, thigh, fried, no coating, skin not eaten, made with butter"
24154223,"Chicken, thigh, fried, no coating, skin not eaten, made with oil"
24157200,"CHICKEN,THIGH,COATED,BKD/FRD,PPD W/SKIN,NS SKIN EATEN"
24157210,"CHICKEN,THIGH,COATED,BKD/FRD,PPD W/SKIN, SKIN EATEN"
24157213,"Chicken, thigh, coated, baked or fried, prepared with skin, skin/coating eaten, made with oil"
24157220,"CHICKEN,THIGH,COATED,BKD/FRD,PPD W/SKIN, SKIN NOT EATEN"
24157223,"Chicken, thigh, coated, baked or fried, prepared with skin, skin/coating not eaten, made with oil"
24157225,"Chicken, thigh, from fast food, coated, baked or fried, prepared with skin, NS as to skin/coating eaten"
24157230,"Chicken, thigh, from fast food, coated, baked or fried, prepared with skin, skin/coating eaten"
24157235,"Chicken, thigh, from fast food, coated, baked or broiled, prepared with skin, skin/coating not eaten"
24157240,"CHICKEN,THIGH,COATED,BKD/FRD,PPD SKINLESS,NS COAT EATEN"
24157250,"CHICKEN,THIGH,COATED,BKD/FRD,PPD SKINLESS, COAT EATEN"
24157253,"Chicken, thigh, coated, baked or fried, prepared skinless, coating eaten, made with oil"
24157260,"CHICKEN,THIGH,COATED,BKD/FRD,PPD SKINLESS, COAT NOT EATEN"
24160100,"CHICKEN, WING, NFS"
24160120,"CHICKEN, WING, NS AS TO COOKING METHOD, W/O SKIN"
24162100,"CHICKEN, WING, ROASTED OR BROILED, NS AS TO SKIN"
24162110,"CHICKEN, WING, ROASTED OR BROILED, W/ SKIN"
24162120,"CHICKEN, WING, ROASTED OR BROILED, W/O SKIN"
24163100,"CHICKEN, WING, STEWED, NS AS TO SKIN"
24163120,"CHICKEN, WING, STEWED, W/O SKIN"
24164100,"CHICKEN, WING, FRIED, NO COATING, NS AS TO SKIN"
24164110,"CHICKEN, WING, FRIED, NO COATING, W/ SKIN"
24164113,"Chicken, wing, fried, no coating, skin eaten, made with oil"
24164120,"CHICKEN, WING, FRIED, NO COATING, W/O SKIN"
24164123,"Chicken, wing, fried, no coating, skin not eaten, made with oil"
24164125,"Chicken, wing, fried, no coating, skin not eaten, made without fat"
24167100,"CHICKEN,WING,COATED,BKD/FRD,PPD W/SKIN,NS SKIN EATEN"
24167110,"CHICKEN,WING,COATED,BKD/FRD,PPD W/SKIN, SKIN EATEN"
24167113,"Chicken, wing, coated, baked or fried, prepared with skin, skin/coating eaten, made with oil"
24167115,"Chicken, wing, coated, baked or fried, prepared with skin, skin/coating eaten, made without fat"
24167120,"CHICKEN,WING,COATED,BKD/FRD,PPD W/SKIN, SKIN NOT EATEN"
24167123,"Chicken, wing, coated, baked or fried, prepared with skin, skin/coating not eaten, made with oil"
24167130,"Chicken, wing, from fast food, coated, baked or fried, prepared with skin, skin/coating eaten"
24167135,"Chicken, wing, from fast food, coated, baked or fried, prepared with skin, skin/coating not eaten"
24198690,"Chicken patty, fillet, or tenders, breaded, cooked, from fast food / restaurant"
24198695,"Chicken patty, fillet, or tenders, breaded, cooked, from school lunch"
24198700,"CHICKEN PATTY/FILLET/TENDERS, BREADED, COOKED"
24198730,"Chicken nuggets, from fast food / restaurant"
24198740,"CHICKEN NUGGETS"
24201010,"TURKEY, LIGHT MEAT, COOKED, NS AS TO SKIN"
24201050,"TURKEY, LIGHT, BREADED, BAKED/FRIED, NS AS TO SKIN"
24201110,"TURKEY, LIGHT MEAT, ROASTED, NS AS TO SKIN"
24201210,"TURKEY, DARK MEAT, ROASTED, NS AS TO SKIN"
24201310,"TURKEY, LIGHT & DARK MEAT, ROASTED, NS AS TO SKIN"
24201350,"Turkey, light or dark meat, battered, fried, NS as to skin eaten"
24201400,"TURKEY, LIGHT/DARK MEAT, STEWED, NS AS TO SKIN"
24201500,"TURKEY, SMOKED, NS AS TO SKIN"
24202000,"Turkey, drumstick, cooked, NS as to skin eaten"
24202050,"Turkey, drumstick, roasted, NS as to skin eaten"
24203000,"TURKEY, WING, COOKED, NS AS TO SKIN"
24204000,"TURKEY, ROLLED ROAST, LIGHT OR DARK MEAT, COOKED"
24300100,"Duck, cooked, NS as to skin eaten"
24301000,"DUCK, ROASTED, NS AS TO SKIN"
24400000,"CORNISH GAME HEN, COOKED, NS AS TO SKIN"
25210230,"FRANKFURTER OR HOT DOG, BEEF AND PORK, LOWFAT"
25210510,"Frankfurter or hot dog, low salt"
25210610,"FRANKFURTER OR HOT DOG, BEEF, LOWFAT"
25210700,"FRANKFURTER OR HOT DOG, MEAT & POULTRY, LOWFAT"
25220010,"COLD CUT, NFS"
25220100,"BEEF SAUSAGE, NFS"
25220110,"BEEF SAUSAGE, BROWN & SERVE, LINKS, COOKED"
25220130,"BEEF SAUSAGE, SMOKED"
25220140,"BEEF SAUSAGE, FRESH, BULK, PATTY OR LINK, COOKED"
25220370,"Bratwurst, beef, cooked"
25220390,"Bologna, beef, lowfat"
25220400,"BOLOGNA, PORK AND BEEF"
25220420,"Bologna, Lebanon"
25220430,"BOLOGNA, BEEF"
25220440,"BOLOGNA, TURKEY"
25220470,"BOLOGNA, BEEF, LOWER SODIUM"
25220480,"BOLOGNA, CHICKEN, BEEF, & PORK"
25220500,"BOLOGNA, BEEF & PORK, LOWFAT"
25220510,"Capicola"
25221410,"PORK SAUSAGE, FRESH, BULK, PATTY OR LINK, COOKED"
25221420,"PORK SAUSAGE, BROWN & SERVE, COOKED"
25221430,"Pork sausage, country style, fresh, cooked"
25221470,"PORK & BEEF SAUSAGE, BROWN & SERVE, COOKED"
25221510,"SALAMI, SOFT, COOKED"
25221520,"SALAMI, DRY OR HARD"
25221530,"SALAMI, BEEF"
25221650,"SMOKED LINK SAUSAGE, PORK"
25221660,"SMOKED LINK SAUSAGE, PORK & BEEF"
25221680,"SMOKED SAUSAGE, PORK"
25221840,"TURKEY BREAKFAST SAUSAGE, BULK"
25221850,"TURKEY SAUSAGE, SMOKED"
25221880,"TURKEY, PORK, & BEEF SAUSAGE, REDUCED FAT, SMOKED"
25221890,"TURKEY, PORK, & BEEF SAUSAGE, LOWFAT, SMOKED"
25221920,"VIENNA SAUSAGE, CHICKEN, CANNED"
25230230,"HAM, SLICED, EXTRA LEAN, PREPACKAGED/DELI"
25230235,"Ham, sliced, extra lean, lower sodium, prepackaged or deli, luncheon meat"
25230310,"CHICKEN/TURKEY LOAF, PREPACK/DELI, LUNCHEON MEAT"
25230430,"HAM & CHEESE LOAF"
25230510,"HAM,LUNCH MEAT,CHOP,MINCED,PRESSD,MINCED,NOT CANNED"
25230520,"HAM, LUNCHEON MEAT, CHOPPED, SPICED,LOWFAT, NOT CAN"
25230710,"SANDWICH LOAF, LUNCHEON MEAT"
25230790,"TURKEY HAM, SLICED, XTRA LEAN, PKG'D, DELI"
25230810,"Veal loaf"
25230820,"TURKEY PASTRAMI"
25230840,"TURKEY SALAMI"
25230900,"TURKEY OR CHICKEN BREAST, PKG'D/DELI, LUNCHEON MEAT"
25230905,"Turkey or chicken breast, low salt, prepackaged or deli, luncheon meat"
25231150,"Corned beef, pressed"
25240310,"ROAST BEEF SPREAD"
26100150,"FISH, NS AS TO TYPE, BATTERED, FRIED"
26100210,"FISH STICK/FILLET, COOKED, NS TYPE & COOKING METHOD"
26100220,"FISH STICK/FILLET, NS AS TO TYPE, BAKED OR BROILED"
26100230,"FISH STICK/FILLET, NS TYPE, BREADED/BATTERED, BAKED"
26100240,"FISH STICK/FILLET, NS TYPE, FLOURED/BREADED, FRIED"
26100250,"FISH STICK OR FILLET, NS AS TO TYPE, BATTERED, FRIED"
26107150,"CATFISH, BATTERED, FRIED (INCLUDE BULLHEAD)"
26109150,"COD, BATTERED, FRIED"
26115150,"FLOUNDER, BATTERED, FRIED"
26117150,"HADDOCK, BATTERED, FRIED"
26125150,"OCEAN PERCH, BATTERED, FRIED"
26127150,"PERCH, BATTERED, FRIED"
26131150,"Pompano, battered, fried"
26137150,"SALMON, BATTERED, FRIED"
26145140,"Smelt, floured or breaded, fried"
26151150,"TROUT, BATTERED, FRIED"
26157150,"WHITING, BATTERED, FRIED"
26158040,"Tilapia, battered, fried"
26303150,"CLAMS, BATTERED, FRIED"
26315150,"OYSTERS, BATTERED, FRIED"
26317150,"SCALLOPS, BATTERED, FRIED"
27111050,"SPAGHETTI SAUCE W/ BEEF/MEAT, HOMEMADE-STYLE"
27130040,"Spaghetti sauce with lamb or mutton, homemade-style"
27146000,"CHICKEN OR TURKEY WITH BARBECUE SAUCE (MIXTURE), SKIN EATEN"
27146010,"CHICKEN OR TURKEY W/ BBQ SAUCE (MIXTURE), SKIN NOT EATEN"
27146050,"CHICKEN WING W/ HOT PEPPER SCE (INCL BUFFALO WING)"
27162050,"SPAGHETTI SAUCE W/ COMBINATION OF MEATS, HOMEMADE"
27250510,"FISH CAKE (KAMABOKO) TEMPURA"
27351020,"Codfish salad, Puerto Rican style (Gazpacho de bacalao)"
27461010,"Stewed seasoned ground beef, Puerto Rican style (Picadillo para relleno)"
27510210,"CHEESEBURGER, PLAIN, ON BUN"
27510220,"CHEESEBURGER, W/ MAYO, ON BUN"
27510230,"CHEESEBURGER, W/ MAYO & TOMATO, ON BUN"
27510240,"CHEESEBURGER, 1/4 LB MEAT, PLAIN, ON BUN"
27510250,"Cheeseburger, 1/4 lb meat, with mayonnaise or salad dressing, on bun"
27510260,"CHEESEBURGER, 1/4 LB, W/ MUSHROOM SAUCE, ON BUN"
27510265,"Double cheeseburger, (2 patties, 1 oz each), plain, on miniature bun"
27510270,"DOUBLE CHEESEBURGER, PLAIN, ON BUN"
27510280,"DOUBLE CHEESEBURGER, W/ MAYO, ON BUN"
27510290,"Double cheeseburger (2 patties), plain, on double-decker bun"
27510300,"DOUBLE CHEESEBURGER, W/MAYO, ON DOUBLE-DECKER BUN"
27510310,"CHEESEBURGER W/ TOMATO & OR CATSUP, ON BUN"
27510311,"CHEESEBURGER, 1 OZ MEAT, PLAIN, ON MINI BUN"
27510320,"CHEESEBURGER, 1/4 LB MEAT,W/ TOMATO/CATSUP, BUN"
27510330,"DOUBLE CHEESEBURGER W/TOMATO & OR CATSUP, ON BUN"
27510340,"DOUBLE CHEESEBURGER, W/ MAYO & TOMATO, ON BUN"
27510350,"CHEESEBURGER, 1/4 LB MEAT, W/ MAYO & TOMATO, ON BUN"
27510355,"Cheeseburger, 1/3 lb meat, with mayonnaise or salad dressing, tomato and/or catsup on bun"
27510359,"Cheeseburger, 1/3 lb meat, with mayonnaise or salad dressing, and mushrooms, on bun"
27510360,"CHEESEBURGER W/ MAYO, TOMATO & BACON, ON BUN"
27510370,"DOUBLE CHEESEBURGER W/ MAYONNAISE, ON BUN"
27510375,"Double cheeseburger (2 patties, 1/4 lb meat each), with tomato and/or catsup, on bun"
27510380,"Triple cheeseburger (3 patties, 1/4 lb meat each), with mayonnaise or salad dressing and tomatoes, on bun"
27510385,"Double bacon cheeseburger (2 patties), with tomato and/or catsup, on bun"
27510390,"DOUBLE BACON CHEESEBURGER, ON BUN"
27510400,"BACON CHEESEBURGER, 1/4 LB MEAT, W/ TOMATO, ON BUN"
27510410,"Chiliburger, on bun"
27510420,"Taco burger, on bun"
27510425,"Double bacon cheeseburger (2 patties, 1/4 lb meat each), with mayonnaise or salad dressing, on bun"
27510430,"DOUBLE BACON CHEESEBURGER, W/ MAYO, TOMATO, ON BUN"
27510435,"Double bacon cheeseburger (2 patties,1/3 lb meat each), with mayonnaise or salad dressing, on bun"
27510440,"BACON CHEESEBURGER, 1/4 LB, W/ MAYO & TOMATO, ON BUN"
27510445,"Bacon cheeseburger, 1/3 lb meat, with tomato and/or catsup, on bun"
27510450,"Cheeseburger, 1/4 lb meat, with ham, on bun"
27510500,"HAMBURGER, PLAIN, ON BUN"
27510510,"HAMBURGER, W/ TOMATO & OR CATSUP, ON BUN"
27510520,"HAMBURGER, W/ MAYO & TOMATO, ON BUN"
27510530,"HAMBURGER, 1/4 LB MEAT, PLAIN, ON BUN"
27510540,"DOUBLE HAMBURGER W/TOMATO & OR CATSUP, ON BUN"
27510550,"Double hamburger (2 patties), with mayonnaise or salad dressing and tomatoes, on double-decker bun"
27510560,"HAMBURGER, 1/4 LB MEAT W/ MAYO & TOMATO, ON BUN"
27510570,"Hamburger, 2-1/2 oz meat, with mayonnaise or salad dressing and tomatoes, on bun"
27510590,"Hamburger, with mayonnaise or salad dressing, on bun"
27510600,"HAMBURGER, 1 OZ MEAT,PLAIN, ON MINIATURE BUN"
27510610,"Hamburger, 1 oz meat, with tomato and/or catsup, on miniature bun"
27510620,"HAMBURGER, 1/4 LB MEAT, W/ TOMATO & OR CATSUP, BUN"
27510670,"Double hamburger (2 patties), with mayonnaise or salad dressing and tomatoes, on bun"
27510680,"DOUBLE HAMBURGER (1/2 LB MEAT), W/ TOM/CATSUP, BUN"
27510690,"DOUBLE HAMBURGER,1/2 LB MEAT,W/MAYO&TOM/CATSUP,BUN"
27520130,"BACON, CHICK, & TOM CLUB SANDWICH W/ LETTUCE+SPREAD"
27560320,"Frankfurter or hot dog, plain, on bun"
27560330,"Frankfurter or hot dog, with cheese, plain, on bun"
27560370,"FRANKFURTER /DOG CHILI & CHEESE,BUN (CHILI CHEESE DOG)"
27560400,"Chicken frankfurter or hot dog, plain, on bun"
28110110,"BEEF W/ POTATOES (FROZEN MEAL)"
28110120,"BEEF W/ POTATOES (FROZEN MEAL, LARGE MEAT PORTION)"
28110230,"SWISS STEAK W/ GRAVY, VEG, POT, DESSERT (FROZ MEAL)"
28110500,"BEEF,SLICED,W/GRAVY,BARLEY&WILD RICE,VEG (FRZ MEAL)"
28120230,"PORK, W/ GRAVY, POTATOES, VEG, DESSERT (FROZ MEAL)"
28120310,"Pork with rice, vegetable, in soy-based sauce (diet frozen meal)"
28141060,"CHICKEN PATTY W/ VEGETABLES (DIET FROZEN MEAL)"
28141200,"CHICKEN TERIYAKI W/ RICE, VEGETABLE (FROZEN MEAL)"
28141300,"CHICKEN W/RICE & VEG, REDUCED FAT&SODIUM(DIET FROZ)"
28143030,"Chicken and vegetable entree, oriental (diet frozen meal)"
28143220,"CHICKEN IN BBQ SCE,W/RICE,VEG&DES,RED FAT&SODIUM,FRZ,DIET"
28145010,"TURKEY W/ DRESSING, GRAVY, POTATO (FROZEN MEAL)"
28150650,"Fish, breaded, or fish sticks, with pasta, vegetable and dessert (frozen meal)"
28152050,"SHRIMP W/ RICE, VEGETABLE (FROZEN MEAL)"
28310210,"Chili beef soup"
28310220,"Chili beef soup, chunky style"
28315100,"BEEF VEG SOUP W/POTATO, STEW TYPE (INCL CHUNKY STY)"
28315120,"BEEF VEG SOUP W/ NOODLES, STEW TYPE, CHUNKY STYLE"
28315130,"BEEF VEG SOUP W/ RICE, STEW TYPE, CHUNKY STYLE"
28316020,"Beef and mushroom soup, canned, low sodium"
28320110,"PORK & RICE SOUP, STEW TYPE, CHUNKY STYLE"
28320120,"PORK VEG SOUP W/ NOODLES, STEW TYPE, CHUNKY STYLE"
28320150,"PORK, VEGETABLE SOUP W/ POTATOES, STEW TYPE"
28340140,"CHICKEN BROTH/BOULLION, DRY, NOT RECONSTITUTED"
28340170,"Chicken broth, canned, low sodium"
28340520,"Chicken soup, canned, undiluted"
28340530,"CHICKEN SOUP"
28345040,"CHICKEN/TURKEY SOUP, CM OF, CAN, RED SOD, UNDILUTED"
28345140,"CHICKEN SOUP, CREAM OF, CANNED, UNDILUTED"
31103000,"EGGS, WHOLE, BOILED"
31104000,"EGGS, WHOLE, POACHED"
31105000,"EGGS, WHOLE, FRIED (INCL SCRAMBLED, NO MILK ADDED)"
31109000,"Egg, white only, cooked, NS as to fat added in cooking"
31109010,"EGGS, WHITE ONLY, COOKED"
31109020,"Egg, white only, cooked, fat added in cooking"
32104900,"EGG OMELET OR SCRAMBLED EGG, NS AS TO ADDED FAT"
32104950,"EGG OMELET OR SCRAMBLED EGG, NO FAT ADDED"
32105000,"EGG OMELET OR SCRAMBLED EGG, FAT ADDED"
32105010,"EGG OMELET OR SCRAMBLED EGG, W/ CHEESE"
32105013,"Egg omelet or scrambled egg, with seafood"
32105020,"EGG OMELET OR SCRAMBLED EGG, W/ FISH"
32105030,"EGG OMELET OR SCRAMBLED EGG, W/ HAM OR BACON"
32105040,"EGG OMELET OR SCRAMBLED EGG, W/ DK GRN VEGETABLES"
32105045,"Egg omelet or scrambled egg, with cheese and dark-green vegetables"
32105048,"Egg omelet or scrambled egg, with mushrooms"
32105050,"EGG OMELET OR SCRAMBLED EGG, W/ VEG, NOT DK GRN"
32105055,"Egg omelet or scrambled egg, with cheese and vegetables other than dark-green"
32105060,"EGG OMELET OR SCRAMBLED EGG, W/PEPPERS, ONION & HAM"
32105070,"EGG OMELET OR SCRAMBLED EGG, W/ MUSHROOMS"
32105080,"EGG OMELET OR SCRAMBLED EGG,W/CHEESE & HAM OR BACON"
32105082,"Egg omelet or scrambled egg, with ham or bacon, cheese, and vegetables other than dark-green"
32105085,"EGG OMELET OR SCRAMBLED EGG,W/CHEESE, HAM OR BACON, & TOMATO"
32105100,"EGG OMELET OR SCRAMBLED EGG, W/ POTATOES OR ONIONS"
32105110,"EGG OMELET OR SCRAMBLED EGG, W/ BEEF (INCL W/ONION)"
32105118,"Egg omelet or scrambled egg, with sausage and vegetables other than dark-green"
32105119,"Egg omelet or scrambled egg, with sausage, cheese, and vegetables other than dark-green"
32105120,"Egg omelet or scrambled egg, with sausage and mushrooms"
32105121,"EGG OMELET OR SCRAMBLED EGG, W/ SAUSAGE & CHEESE"
32105122,"EGG OMELET OR SCRAMBLED EGG, W/ SAUSAGE"
32105125,"EGG OMELET/SCRAMBLED EGG, W/ HOT DOGS"
32105130,"EGG OMELET/SCR EGG,W/ONIONS, PEP, TOM & MUSHROOMS"
32105150,"EGG OMELET W/ CHILI, CHEESE, TOMATOES & BEANS"
32105160,"EGG OMELET OR SCRAMBLED EGG W/ CHORIZO"
32105161,"Egg omelet or scrambled egg, with chorizo and cheese"
32105170,"EGG OMELET OR SCRAMBLED EGG W/ CHICKEN"
32400010,"Egg white omelet or scrambled egg, NS as to fat added in cooking"
32400011,"Egg white omelet or scrambled egg, fat not added in cooking"
32400012,"Egg white omelet or scrambled egg, fat added in cooking"
32400050,"Egg white omelet or scrambled egg, with cheese"
33000100,"EGG SUBSTITUTE, NS AS TO POWDERED, FROZEN OR LIQUID"
33102010,"SCRAMBLED EGGS, FROM POWDERED MIXTURE"
33201010,"SCRAMBLED EGGS, FROM CHOLESTEROL-FREE FROZEN MIX"
33201110,"SCRAMBLED EGG, CHOLESTEROL-FREE, W/ CHEESE"
33201500,"SCRAMBLED EGG,CHOL-FREE FROZ MIXTURE,W/VEGETABLES"
33202010,"Scrambled egg, made from frozen mixture"
33301010,"SCRAMBLED EGGS, FROM PACKAGED LIQUID MIXTURE"
35001000,"Scrambled eggs, sausage, hash brown potatoes (frozen meal)"
35002000,"SCRAMBLED EGGS, BACON, HOME FRIED POT (FRZ MEAL)"
41221010,"BAKED BEANS, LOW SODIUM"
41430000,"PROTEIN POWDER, NFS"
41430010,"PROTEIN SUPPLEMENT, POWDERED"
41430200,"Meal replacement or supplement, soy- and milk-base, powder, reconstituted with water"
41430310,"PROTEIN DIET POWDER W/ SOY & CASEIN"
41435110,"HIGH PROTEIN BAR, CANDY-LIKE, SOY & MILK BASE"
41435120,"Zone Perfect Classic Crunch nutrition bar"
41435300,"Balance Original Bar"
41435500,"Clif Bar"
41435700,"South Beach Living High Protein Cereal Bar"
41435710,"South Beach Living Meal Replacement Bar"
41436000,"Nutritional supplement for people with diabetes, liquid"
41440010,"MEAL REPLACEMENT/SUPPLEMENT, LIQUID, HI PROTEIN"
41440020,"ENSURE W/ FIBER, LIQUID"
41440050,"ENSURE PLUS LIQUID NUTRITION"
41440100,"MEAL REPLACEMENT,LIQUID,SOY-BASE (ISOCAL, OSMOLITE)"
41601060,"Bean soup, with macaroni and meat"
41601120,"BEAN SOUP W/ VEG, RICE, & PORK (INCL CAMPBELL'S CHU"
41601170,"BEAN & RICE SOUP"
41610100,"White bean soup, Puerto Rican style (Sopon de habichuelas blancas)"
41811200,"Fish stick, meatless"
41811900,"SOYBURGER, MEATLESS, NO BUN"
41811910,"VEGGIE BURGER/PATTY, MEATLESS, NO BUN"
42101100,"ALMONDS, ROASTED"
42101200,"ALMONDS, DRY ROASTED"
42101210,"ALMONDS, DRY ROASTED, W/O SALT"
42104200,"CASHEW NUTS, DRY ROASTED"
42104205,"Cashew nuts, dry roasted, without salt"
42109000,"MACADAMIA NUTS, UNROASTED"
42109105,"Macadamia nuts, roasted, without salt"
42110015,"Mixed nuts, salted"
42110020,"Mixed nuts, without salt"
42110200,"MIXED NUTS, DRY ROASTED"
42110500,"MIXED NUTS, IN SHELL"
42111010,"PEANUTS, IN SHELL, NFS, SHELL NOT EATEN"
42116055,"Walnuts, roasted, without salt"
42502000,"Nut mixture with seeds"
43101000,"PUMPKIN & SQUASH SEEDS, HULLED, UNROASTED"
43102110,"SUNFLOWER SEEDS, HULLED, ROASTED, W/O SALT"
43102200,"SUNFLOWER SEEDS, HULLED, DRY ROASTED"
43103100,"Sesame sauce"
43103200,"SESAME PASTE"
43105200,"PSYLLIUM SEED, HUSKS"
50010000,"FLOUR, WHITE (INCLUDE FLOUR, NFS)"
51000230,"ROLL, NS AS TO MAJOR FLOUR, TOASTED"
51000250,"ROLL, HOMEMADE/PURCH AT A BAKERY, NS AS TO FLOUR"
51110010,"Bread, batter"
51119100,"BREAD, LOWFAT, 98% FAT FREE"
51121010,"BREAD, GARLIC"
51121040,"BREAD, GARLIC, TOASTED (INCLUDE TEXAS TOAST)"
51126010,"Bread, milk and honey"
51150100,"ROLL, WHITE, SOFT, TOASTED"
51151060,"ROLL, WHITE, SOFT, HOMEMADE/PURCH AT A BAKERY"
51152000,"ROLL, WHITE, SOFT, REDUCED CALORIE/ HIGH FIBER"
51153010,"ROLL, WHITE, HARD, TOASTED"
51155010,"Roll, French or Vienna, toasted"
51160010,"Roll, sweet, toasted"
51161070,"ROLL, SWEET, W/ FRUIT, FROSTED, FAT FREE"
51161100,"Roll, sweet, with fruit and nuts, no frosting"
51161150,"ROLL, SWEET, W/ FRUIT & NUTS, FROSTED"
51161200,"ROLL, SWEET, W/ NUTS, NO FROSTING"
51161260,"ROLL SWEET, CRUMB TOPPING, MEXICAN (PAN DULCE)"
51165060,"COFFEE CAKE, YEAST, HOMEMADE/PURCH AT A BAKERY"
51165100,"COFFEE CAKE, YEAST TYPE, FAT FREE, CHOL FREE, W/ FRUIT"
51180020,"BAGEL, TOASTED"
51180040,"BAGEL, W/ RAISINS, TOASTED"
51180090,"BAGEL W/ FRUIT OTHER THAN RAISINS, TOASTED"
51184010,"BREAD STICK, SOFT"
51184020,"Bread stick, NS as to hard or soft"
51184030,"BREAD STICK, SOFT, PREP W/ GARLIC & PARMESAN CHEESE"
51186020,"MUFFIN, ENGLISH, TOASTED"
51186120,"MUFFIN, ENGLISH, W/ RAISINS, TOASTED"
51201010,"BREAD, 100% WHOLE WHEAT"
51201020,"BREAD, 100% WHOLE WHEAT, TOASTED"
51201060,"BREAD, 100% WHOLE WHEAT, HOME-MADE"
51201070,"Bread, whole wheat, 100%, made from home recipe or purchased at bakery, toasted"
51201110,"Bread, whole wheat, 100%, with raisins"
51201150,"Bread, pita, whole wheat, 100%"
51202000,"Muffin, English, whole wheat, 100%"
51204010,"BREAD, WHEAT GERM"
51207010,"BREAD, SPROUTED WHEAT"
51207020,"BREAD, SPROUTED WHEAT, TOASTED"
51208000,"Bagel, whole wheat, 100%"
51208010,"BAGEL, 100% WHOLE WHEAT, TOASTED"
51208100,"BAGEL, 100% WHOLE WHEAT, W/ RAISINS"
51208110,"BAGEL, 100% WHOLE WHEAT, W/ RAISINS, TOASTED"
51220000,"ROLL, 100% WHOLE WHEAT"
51301710,"BAGEL, WHEAT, TOASTED"
51301760,"BAGEL, ""WHOLE"" WHEAT, TOASTED"
51301830,"BAGEL, WHEAT, W/ FRUITS & NUTS, TOASTED"
51302010,"BREAD, WHEAT BRAN"
51302020,"BREAD, WHEAT BRAN, TOASTED"
51302050,"Bread, wheat bran, with raisins"
51302060,"Bread, wheat bran, with raisins, toasted"
51303020,"Muffin, English, wheat or cracked wheat, toasted"
51303040,"MUFFIN, ENGLISH, ""WHOLE"" WHEAT, TOASTED"
51320040,"Roll, wheat or cracked wheat, made from home recipe or purchased at bakery"
51320510,"ROLL, WHOLE WHEAT, NS AS TO 100%, TOASTED"
51320530,"ROLL, ""WHOLE"" WHEAT, HOME RECIPE/BAKERY"
51502100,"Roll, oat bran"
51630110,"BAGEL, MULTIGRAIN, W/ RAISINS, TOASTED"
52208750,"GORDITA/SOPE SHELL,PLAIN NO FILL,GRILL,NO FAT ADDED"
52302100,"MUFFIN, FRUIT, FAT FREE, CHOL FREE"
52302610,"Muffin, chocolate, lowfat"
52304060,"Muffin, bran with fruit, no fat, no cholesterol"
52304200,"MUFFIN, OAT BRAN WITH FRUIT AND/OR NUTS"
52307120,"Muffin, multigrain, with fruit"
52308010,"Matzo, fritters"
52308020,"MATZO BALL"
52320110,"Toaster muffin, fruit, toasted"
52405100,"BREAD, FRUIT & NUT"
52406010,"BREAD, WHOLE WHEAT, W/ NUTS"
53101300,"Cake, angel food, chocolate, without icing"
53102000,"Cake, applesauce, NS as to icing"
53102300,"Cake, applesauce, diet, without icing"
53102500,"CAKE, BANANA, NS AS TO ICING"
53103550,"Cake, butter, without icing"
53103600,"Cake, butter, with icing"
53104000,"CAKE, CARROT, NS AS TO ICING"
53104520,"CHEESECAKE, DIET"
53104570,"CHEESECAKE, DIET, WITH FRUIT"
53104580,"Cheesecake -type dessert, made with yogurt, with fruit"
53105050,"CAKE, CHOC, DEVIL'S FOOD/FUDGE, HOMEMADE, NS ICING"
53105100,"CAKE,CHOC,DEVILS FOOD/FUDGE,STNDRD MIX, W/O ICING"
53105160,"CAKE,CHOC,DEVIL'S FOOD/FUDGE, W/O ICING, HOMEMADE"
53105200,"CAKE,CHOC,DEVIL'S FOOD/FUDGE,STNDRD MIX,W/ICING"
53105260,"CAKE,CHOC,DEVIL'S FOOD/FUDGE,W/ICING, HOMEMADE"
53105600,"CAKE,CHOC/DVL FD, PUDD MIX, LITE RECIPE, W/ ICING"
53105700,"CAKE,CHOC,DEVIL FOOD/FUDGE,PUD TYPE,NO CHOL,NO ICIN"
53105750,"Cake, chocolate, devil's food, or fudge, pudding type mix, made by ""cholesterol free"" recipe (water, oil and egg whites added to dry mix), with ""light"" icing, coating or filling"
53106000,"CAKE,CHOC,DEVIL'S FOOD/FUDGE,PUDDING MIX, W/O ICING"
53106050,"CAKE, CHOC,DEVIL'S FOOD/FUDGE, PUDDING MIX, W/ICING"
53107000,"Cake, cupcake, NS as to type or icing"
53107100,"CAKE, CUPCAKE, NS AS TO TYPE, W/O ICING"
53107200,"CAKE, CUPCAKE, NS AS TO TYPE, W/ICING"
53108000,"Cake, cupcake, chocolate, NS as to icing"
53108100,"CAKE, CUPCAKE, CHOCOLATE, W/O ICING"
53109000,"CAKE, CUPCAKE, NOT CHOCOLATE, NS AS TO ICING"
53109100,"CAKE, CUPCAKE, NOT CHOCOLATE, W/O ICING OR FILLING"
53109210,"CAKE, CUPCAKE, NOT CHOC, W/ ICING, LOWFAT, NO CHOL"
53109250,"Cake, cupcake, not chocolate, with fruit and cream filling"
53109270,"Cake, cupcake, chocolate, with or without icing, fruit filling or cream filling, lowfat, cholesterol free"
53114200,"CAKE, LEMON, LOW FAT, W/O ICING"
53114250,"CAKE, LEMON, LOW FAT, W/ ICING"
53115600,"CAKE, POPPYSEED, W/O ICING"
53116380,"CAKE, POUND, FAT FREE, NO CHOL"
53116490,"Cake, pumpkin, NS as to icing"
53116560,"CAKE, RAISIN-NUT, W/ ICING"
53118310,"Cake, sponge, chocolate, with icing"
53118350,"CAKE, SWEETPOTATO, W/ ICING (INCL WITH GLAZE)"
53120000,"Cake, white, standard-type mix (egg whites and water added), NS as to icing"
53120060,"CAKE, WHITE, HOMEMADE, NS AS TO ICING"
53120100,"CAKE, WHITE, STANDARD MIX, W/O ICING"
53120160,"CAKE, WHITE, W/O ICING, HOMEMADE"
53120200,"CAKE, WHITE, STANDARD MIX, W/ ICING"
53120260,"CAKE, WHITE, W/ ICING, HOMEMADE"
53120330,"CAKE, WHITE, PUDDING-TYPE MIX, W/O ICING"
53120350,"CAKE, WHITE, PUDDING-TYPE MIX, W/ ICING"
53120400,"Cake, white, eggless, lowfat"
53120500,"Cake, whole wheat, with fruit and nuts, without icing"
53121060,"CAKE, YELLOW, HOMEMADE, NS AS TO ICING"
53121100,"Cake, yellow, standard-type mix (eggs and water added to dry mix), without icing"
53121160,"CAKE, YELLOW, W/O ICING, HOMEMADE"
53121200,"CAKE, YELLOW, STANDARD MIX, W/ ICING"
53121260,"CAKE, YELLOW, W/ ICING, HOMEMADE"
53121280,"CAKE, YELLOW, PUDDING MIX, NS AS TO ICING"
53121300,"CAKE, YELLOW, PUDDING MIX, W/O ICING"
53121330,"CAKE, YELLOW, PUDDING MIX, W/ ICING"
53203050,"COOKIE, FRUIT, BABY"
53203100,"COOKIE, BABY (INCL GERBER ANIMAL SHAPED COOKIES)"
53204500,"COOKIE, BROWNIE, W/ CREAM CHEESE FILLING, W/O ICING"
53204600,"COOKIE, BROWNIE, W/ PEANUT BUTTER FUDGE ICING"
53204800,"BROWNIE, DIET, NS AS TO ICING"
53204830,"COOKIE, BROWNIE, LOWFAT, W/ ICING"
53205500,"COOKIE, BUTTERSCOTCH CHIP"
53205600,"Cookie, caramel coated, with nuts"
53206010,"COOKIE, CHOCOLATE CHIP W/ RAISINS"
53206050,"COOKIE,RICH,CHOCOLATE CHIP,W/ CHOCOLATE FILLING"
53209000,"COOKIE, CHOC,CHOC SANDWICH/CHOCOLATE-COATED/STRIPED"
53209050,"COOKIE, CHOCOLATE SANDWICH, CHOCOLATE COVERED"
53216000,"COOKIE, COCONUT & NUT"
53220020,"COOKIE, DATE BAR"
53222100,"Cookie, cone shell, ice cream type, brown sugar"
53227000,"COOKIE, MARSHMALLOW PIE, NONCHOCOLATE COATING"
53233020,"Cookie, oatmeal, with fruit filling"
53233030,"COOKIE,OATMEAL,FAT FREE,W/ RAISINS(INCL W/ DATES)"
53233500,"COOKIE, OAT BRAN"
53234010,"COOKIE, PEANUT BUTTER W/ OATMEAL"
53242250,"COOKIE, TEETHING, BABY FOOD"
53243100,"COOKIE, RICH, ALL CHOCOLATE, W/ CHOC FILLING OR CHOC CHIPS"
53245000,"COOKIE, VANILLA WAFFLE CREME"
53248000,"Cookie, whole wheat, dried fruit, nut"
53260150,"Cookie, lemon wafer, lowfat"
53430250,"Crepe suzette"
53510200,"Danish pastry, with nuts"
53511500,"DANISH PASTRY, W/ CHEESE, FAT FREE, NO CHOL"
53521250,"Doughnut, wheat"
53540000,"BREAKFAST BAR, NFS"
53540200,"BREAKFAST BAR, CEREAL CRUST W/ FRUIT FILLING, LOWFAT"
53540250,"BREAKFAST BAR, CEREAL CRUST W/ FRUIT FILLING, FAT FREE"
53540300,"Fiber One Chewy Bar"
53540400,"Kellogg's Nutri-Grain Cereal Bar"
53540402,"Kellogg's Nutri-Grain Yogurt Bar"
53540404,"Kellogg's Nutri-Grain Fruit and Nut Bar"
53540500,"Breakfast bar, date, with yogurt coating"
53540600,"Milk 'n Cereal bar"
53540700,"Kellogg's Special K bar"
53540800,"Kashi GOLEAN Chewy Bars"
53540802,"Kashi TLC Chewy Granola Bar"
53540804,"Kashi GOLEAN Crunchy Bars"
53540806,"Kashi TLC Crunchy Granola Bar"
53540900,"Nature Valley Chewy Trail Mix Granola Bar"
53540902,"Nature Valley Chewy Granola Bar with Yogurt Coating"
53540904,"Nature Valley Sweet and Salty Nut Granola Bar"
53540906,"Nature Valley Crunchy Granola Bar"
53541000,"Quaker Chewy Granola Bar"
53541002,"Quaker Chewy 90 Calorie Granola Bar"
53541004,"Quaker Chewy 25% Less Sugar Granola Bar"
53541006,"Quaker Chewy Dipps Granola Bar"
53541200,"MEAL REPLACEMENT BAR (INCL SLIM FAST BAR)"
53542000,"Snack bar, oatmeal"
53542100,"GRANOLA BAR W/ OATS, SUGAR, RAISINS, COCONUT"
53542200,"GRANOLA BAR, OATS, FRUIT, NUTS, LOWFAT"
53542210,"GRANOLA BAR, NONFAT"
53543000,"Granola bar, oats, reduced sugar"
53543100,"Granola bar, peanuts, oats, sugar, wheat germ"
53544200,"GRANOLA BAR, CHOCOLATE-COATED"
53544210,"GRANOLA BAR, W/ COCONUT, CHOCOLATE-COATED"
53544220,"GRANOLA BAR W/ NUTS, CHOCOLATE-COATED"
53544230,"Granola bar, oats, nuts, coated with non-chocolate coating"
53544250,"GRANOLA BAR, COATED W/ NONCHOCOLATE COATING"
53544300,"Granola bar, high fiber, coated with non-chocolate yogurt coating"
53544400,"Granola bar, with rice cereal"
53544410,"Quaker Granola Bites"
53544450,"POWERBAR (FORTIFIED HIGH ENERGY BAR)"
53610000,"COFFEE CAKE, NFS"
53610120,"COFFEE CAKE,CRUMB/QUICK BREAD TYPE,RED FAT,NO CHOL"
53610250,"COFFEE CAKE, QUICK-BREAD TYPE, CUSTARD FILLED"
53710804,"Kashi GOLEAN Crunchy Bars"
53710806,"Kashi TLC Crunchy Granola Bar"
54101010,"CRACKER, ANIMAL (INCL ARROWROOT COOKIE)"
54102110,"CRACKERS, GRAHAM, FAT FREE"
54202010,"CRACKERS, SALTINE, LOW SODIUM"
54202050,"CRACKERS, SALTINE, FAT FREE, LOW SODIUM"
54203010,"CRACKERS, TOAST THINS (RYE/WHEAT/WHITE), LOW SODIUM"
54204010,"CRACKER, 100% WHOLE WHEAT,LO SODIUM"
54205010,"CRACKER, SNACK, LOW SODIUM"
54205030,"CRACKER, CHEESE, LOW SODIUM"
54205100,"CRACKER, SNACK, LOWFAT, LOW SODIUM"
54206010,"Puffed rice cake without salt"
54207010,"Crispbread, wheat, low sodium"
54210010,"Cracker, multigrain, salt free"
54222000,"Crispbread, rye, low sodium"
54301000,"CRACKER, SNACK"
54301200,"CRACKER, SNACK, FAT FREE"
54304500,"CRACKER, HIGH FIBER, NO ADDED FAT"
54305000,"CRISPBREAD, WHEAT, NO ADDED FAT"
54305500,"CRISPBREAD,WHEAT / RYE, EXTRA CRISPY"
54319010,"PUFFED RICE CAKE"
54322000,"CRISPBREAD, RYE, NO ADDED FAT"
54325050,"CRACKERS, SALTINE, WHOLE WHEAT"
54327950,"Crackers, cylindrical, peanut-butter filled"
54334000,"CRACKERS, TOAST THINS"
54337000,"CRACKER, 100% WHOLE WHEAT"
54337050,"CRACKER, 100% WHOLE WHEAT, REDUCED FAT"
54401010,"SALTY SNACKS, CORN / CORNMEAL BASE, NUT /NUG, TSTD"
54401020,"SALTY SNACKS, CORN OR CORNMEAL, CORN CHIPS, CHEESE"
54401050,"SALTY SNACKS, CORN OR CORNMEAL, CORN PUFFS, TWISTS"
54401080,"SALTY SNACKS, CORN OR CORNMEAL, TORTILLA CHIPS"
54401100,"SALTY SNACKS,CORN / CORNMEAL BASE,TORTILLA CHIPS LT"
54401120,"SALTY SNACKS, TORTILLA CHIPS, FAT FREE, W/ OLEAN"
54401150,"SALTY SNACKS,CORN/CORNMEAL BASE,TORTILLA,LOWFAT,BKD"
54401210,"SALTY SNACKS, CORN BASED/CHEESE PUFFS & TWISTS, LOWFAT"
54402500,"Salty snacks, wheat- and corn-based chips"
54402600,"SALTY SNACKS, MULTIGRAIN CHIPS"
54403000,"POPCORN, POPPED IN OIL, UNBUTTERED"
54403020,"POPCORN, POPPED IN OIL, BUTTERED"
54403050,"POPCORN, FLAVORED (CHEESE, BBQ, SOUR CREAM, ONION)"
54403060,"POPCORN, POPPED IN OIL, LOWFAT, LOW SODIUM"
54403070,"POPCORN, POPPED IN OIL, LOWFAT"
54403090,"POPCORN, POPPED IN OIL, UNSALTED"
54408010,"PRETZELS, HARD"
54408020,"PRETZELS, SOFT"
54408040,"Pretzels, soft, unsalted"
54408080,"Pretzel, gluten free"
54420010,"MULTIGRAIN MIXTURE, PRETZELS, CEREAL &/ CRACKERS,NUTS"
54420100,"ORIENTAL PARTY MIX, W/ PEANUTS, SESAME STICKS, ETC"
54420200,"MULTIGRAIN MIX, BREAD STICKS, SESAME NUGGETS, PRETZ"
54430010,"Yogurt chips"
55101010,"PANCAKES, REDUCED CALORIE, HIGH FIBER"
55101020,"Pancakes, plain, fat free"
55105210,"Pancakes, whole wheat, fat free"
55105400,"PANCAKES, RYE"
55202000,"WAFFLE, WHEAT, BRAN, OR MULTIGRAIN"
55203500,"Waffle, nut and honey"
55206000,"Waffle, oat bran"
55207000,"Waffle, multi-bran"
55211000,"WAFFLE, PLAIN, FAT FREE"
56101000,"MACARONI, COOKED, NS AS TO ADDED FAT"
56101010,"MACARONI, COOKED, NO FAT ADDED"
56101030,"MACARONI, COOKED, FAT ADDED"
56102000,"Macaroni, whole wheat, cooked, NS as to fat added in cooking"
56102010,"Macaroni, whole wheat, cooked, fat not added in cooking"
56102020,"MACARONI, WHOLE WHEAT, FAT ADDED"
56103010,"Macaroni, cooked, spinach, fat not added in cooking"
56104010,"Macaroni, cooked, vegetable, fat not added in cooking"
56104020,"Macaroni, cooked, vegetable, fat added in cooking"
56112010,"NOODLES, COOKED, NO FAT ADDED"
56112030,"NOODLES, COOKED, FAT ADDED"
56113010,"NOODLES, WHOLE WHEAT, COOKED, NO FAT ADDED"
56114000,"NOODLES, SPINACH, COOKED, NO FAT ADDED"
56114020,"Noodles, cooked, spinach, fat added in cooking"
56117000,"LONG RICE NOODLES, COOKED, NO FAT ADDED"
56117010,"Long rice noodles (made from mung beans), cooked, fat added in cooking"
56117100,"CHOW FUN RICE NOODLES, COOKED, NO FAT ADDED"
56117110,"Chow fun rice noodles, cooked, fat added in cooking"
56130010,"SPAGHETTI, COOKED, NO FAT ADDED"
56131000,"SPAGHETTI, COOKED, FAT ADDED"
56133000,"SPAGHETTI, COOKED, WHOLE WHEAT, NO FAT ADDED"
56133010,"Spaghetti, cooked, whole wheat, fat added in cooking"
56200350,"CEREAL, COOKED, INSTANT, NS AS TO GRAIN"
56201010,"GRITS, CKD, CORN/HOMINY, REGULAR, NO FAT"
56201020,"GRITS, COOKED, CORN/HOMINY, REGULAR, FAT ADDED"
56201030,"GRITS, COOKED, CORN/HOMINY, REGULAR, NS AS TO FAT"
56201060,"GRITS,CKD,CORN/HOMINY,W/CHEESE,NS TYPE,NS FAT ADDED"
56201061,"GRITS,CKD,CORN/HOMINY,W/ CHEESE,NS TYPE,FAT NOT ADDED"
56201062,"GRITS,CKD,CORN/HOMINY,W/ CHEESE,NS TYPE,FAT ADDED"
56201070,"Grits, cooked, corn or hominy, with cheese, regular, NS as to fat added in cooking"
56201071,"GRITS,CKD,CORN/HOMINY,W/ CHEESE,REG,FAT NOT ADDED"
56201072,"GRITS,CKD,CORN/HOMINY,W/ CHEESE,REG,FAT ADDED"
56201081,"GRITS,CKD,CORN/HOMINY,W/ CHEESE,QUICK,FAT NOT ADDED"
56201082,"GRITS,CKD,CORN/HOMINY,W/ CHEESE,QUICK,FAT ADDED"
56201110,"GRITS, COOKED, CORN/HOMINY, QUICK, NO FAT ADDED"
56201120,"GRITS, COOKED, CORN/HOMINY, QUICK, FAT ADDED"
56201130,"Grits, cooked, corn or hominy, quick, NS as to fat added in cooking"
56201240,"GRITS, FLAVORED, INSTANT, NO FAT ADDED"
56201298,"Grits, cooked, corn or hominy, NS as to regular, quick, or instant, made with milk, fat not added in cooking"
56201300,"GRITS, CORN OR HOMINY, NS TYPE, NS FAT, MADE W/ MILK"
56201320,"Grits, cooked, corn or hominy, regular, made with milk, fat added in cooking"
56201322,"Grits, cooked, corn or hominy, regular, made with milk, fat not added in cooking"
56201324,"Grits, cooked, corn or hominy, regular, made with milk, NS as to fat added in cooking"
56201330,"Grits, cooked, corn or hominy, quick, made with milk, fat added in cooking"
56201332,"Grits, cooked, corn or hominy, quick, made with milk, fat not added in cooking"
56201510,"CORNMEAL MUSH, MADE W/ WATER"
56201520,"Cornmeal mush, fried"
56201530,"CORNMEAL MUSH, MADE W/ MILK"
56201700,"Cornstarch with milk, eaten as a cereal (2 tbsp cornstarch in 2-1/2 cups milk)"
56201750,"Cornstarch, dry"
56202970,"Oatmeal, cooked, quick (1 or 3 minutes), NS as to fat added in cooking"
56202980,"OATMEAL, COOKED, REG, NS TO FAT ADDED"
56203010,"OATMEAL, COOKED, REGULAR, NO FAT ADDED"
56203020,"OATMEAL,  COOKED, QUICK, NO FAT ADDED"
56203030,"OATMEAL, COOKED, INSTANT, NO FAT ADDED IN COOKING"
56203050,"OATMEAL, REGULAR, FAT ADDED IN COOKING"
56203060,"OATMEAL, QUICK, FAT ADDED IN COOKING"
56203070,"OATMEAL, INSTANT, FAT ADDED"
56203080,"OATMEAL, INSTANT, NS AS TO ADDED FAT"
56203200,"Oatmeal with fruit, cooked"
56203210,"OATMEAL, NS TYPE, MADE W/ MILK, NO FAT ADDED"
56203211,"Oatmeal, cooked, regular, made with milk, fat not added in cooking"
56203212,"Oatmeal, cooked, quick (1 or 3 minutes), made with milk, fat not added in cooking"
56203213,"Oatmeal, cooked, instant, made with milk, fat not added in cooking"
56203220,"OATMEAL, NS TYPE, MADE W/ MILK, FAT ADDED"
56203221,"Oatmeal, cooked, regular, made with milk, fat added in cooking"
56203222,"Oatmeal, cooked, quick (1 or 3 minutes), made with milk, fat added in cooking"
56203223,"Oatmeal, cooked, instant, made with milk, fat added in cooking"
56203230,"OATMEAL, NS TYPE, MADE W/ MILK, NS AS TO ADDED FAT"
56203231,"Oatmeal, cooked, regular, made with milk, NS as to fat added in cooking"
56203232,"Oatmeal, cooked, quick (1 or 3 minutes), made with milk, NS as to fat added in cooking"
56203233,"Oatmeal, cooked, instant, made with milk, NS as to fat added in cooking"
56204980,"RICE,WHITE,COOKED,CONVERTED,NS TO FAT ADDED"
56204990,"RICE,WHITE,COOKED, REG, NS AS TO FAT ADDED"
56205010,"RICE, WHITE, COOKED, REGULAR, NO FAT ADD IN COOKING"
56205020,"Rice, white, cooked, instant, NS as to fat added in cooking"
56205030,"RICE, WHITE, COOKED, INST,NO FAT ADDED IN COOKING"
56205040,"RICE,WHITE,COOKED, CONVERTED,FAT NOT ADDED IN COOK"
56205110,"RICE, BROWN, COOKED, REGULAR, NO FAT ADDED"
56205120,"RICE, BROWN, COOKED, REGULAR, NS FAT ADDED"
56205400,"RICE, COOKED, NS AS TO TYPE, FAT ADDED IN COOKING"
56205420,"RICE, WHITE, COOKED, REGULAR, FAT ADDED IN COOKING"
56205430,"RICE, WHITE, COOKED, INSTANT, FAT ADDED IN COOKING"
56205440,"RICE, WHITE, COOKED, CONVERTED, FAT ADDED"
56205510,"RICE, BROWN, COOKED, REGULAR, FAT ADDED IN COOKING"
56205530,"RICE, BROWN, COOKED, INSTANT, NS FAT"
56205540,"RICE, BROWN, COOKED, INSTANT, FAT NOT ADDED"
56205550,"RICE, BROWN, COOKED, INSTANT, FAT ADDED"
56206970,"Wheat, cream of, cooked, quick, NS as to fat added in cooking"
56207010,"WHEAT, CREAM OF, COOKED, REGULAR, NO FAT ADDED"
56207020,"WHEAT, CREAM OF, COOKED, QUICK, NO FAT ADDED"
56207040,"WHEAT, CREAM OF, MADE W/ MILK"
56207080,"Wheat, cream of, cooked, NS as to regular, quick, or instant, fat added in cooking"
56207087,"Wheat, cream of, cooked, regular, made with milk, fat not added in cooking"
56207150,"Couscous, plain, cooked, fat not added in cooking"
56207180,"Couscous, plain, cooked, fat added in cooking"
56207212,"Whole wheat cereal, cooked, made with milk"
56207220,"WHEAT, CREAM OF, COOKED, REGULAR, FAT ADDED"
56207230,"WHEAT, CREAM OF, COOKED,QUICK,FAT ADDED IN COOKING"
56207300,"WHOLE WHEAT CEREAL, W/ BARLEY, COOKED, NO FAT ADDED"
56207330,"WHOLE WHEAT CEREAL, WHEAT & BARLEY, FAT ADDED"
56207340,"WHOLE WHEAT CEREAL, WHEAT & BARLEY, ADDED FAT NS"
56207342,"Whole wheat cereal, wheat and barley, cooked, made with milk"
56207360,"Wheat cereal, chocolate flavored, cooked, fat not added in cooking"
56208530,"OAT BRAN CEREAL, MADE W/ MILK, NO FAT ADDED"
5.7e+07,"CEREAL, NFS"
57000050,"KASHI CEREAL, NS AS TO READY-TO-EAT OR COOKED"
57100400,"Character cereals, TV or movie, General Mills"
57100500,"Character cereals, TV or movie, Kelloggs"
57101020,"ALL BRAN CEREAL W/ EXTRA FIBER"
57103020,"ALPHA-BITS W/ MARSHMALLOWS CEREAL"
57103050,"Amaranth Flakes"
57103500,"APPLE CINNAMON SQUARES MINI-WHEATS CEREAL, KELLOGG'S"
57111000,"Bran Chex"
57124000,"CHEX CEREAL, NFS"
57124500,"CINNAMON GRAHAMS CEREAL, GENERALMILLS"
57126500,"Cocoa Blasts, Quaker"
57128880,"COMMON SENSE OAT BRAN CEREAL, PLAIN"
57138000,"TOTAL CORN FLAKES"
57144000,"Crisp Crunch"
57148600,"HARMONY CEREAL, GEN MILLS"
57152000,"CRISPY WHEATS'N RAISINS CEREAL"
57160000,"Curves Fruit and Nut Crunch Cereal"
57201800,"DISNEY CEREALS, KELLOGG'S"
57212100,"FRENCH TOAST CRUNCH CEREAL, GENERAL MILLS"
57213005,"Froot Loops Cereal Straws"
57214100,"FROSTED WHEAT BITES"
57215000,"Frosty O's"
57221650,"Fruit Harvest cereal, Kellogg's"
57232100,"HEALTHY CHOICE ALMOND CRUNCH CEREAL W/ RAISINS"
57239000,"Honeycomb, strawberry"
57245000,"JUST RIGHT FRUIT & NUT CEREAL (W/ RAISINS, DATES, NUTS)"
57301100,"KABOOM CEREAL"
57306120,"Malt-O-Meal Puffed Wheat"
57307150,"MARSHMALLOW SAFARI CEREAL, QUAKER"
57307600,"Mini-Swirlz Cinnamon Bun Cereal, Kellogg's"
57308150,"MUESLIX CEREAL, NFS"
57308300,"MULTI BRAN CHEX"
57316410,"APPLE CINNAMON OATMEAL CRISP CEREAL (OATMEAL CRISP W/ APPLES"
57316750,"Oh's, Fruitangy, Quaker"
57318000,"100% BRAN CEREAL"
57319000,"100% NATURAL CEREAL, PLAIN, QUAKER"
57319500,"Sun Country 100% Natural Granola, with Almonds"
57321700,"Optimum, Nature's Path"
57321905,"Organic Flax Plus, Pumpkin Granola, Nature's Path"
57322500,"OREO O'S CEREAL, POST"
57323050,"SWEET PUFFS CEREAL, QUAKER"
57339100,"Rice Krispies with Real Strawberries, Kellogg's"
57340700,"Scooby Doo Cinnamon Marshmallow Cereal, Kellogg's"
57342010,"Smorz, Kellogg's"
57346500,"TOASTED OATMEAL, HONEY NUT (QUAKER)"
57347500,"STRAWBERRY SQUARES MINI-WHEATS CEREAL(STRAWBERRY SQUARES)"
57403100,"TOASTIES, POST"
57404100,"MALT-O-MEAL TOASTY O'S CEREAL"
57404200,"Malt-O-Meal Apple and Cinnamon Toasty O's"
57406105,"Total Cranberry Crunch"
58100110,"BURRITO W/ BEEF & BEANS (INCLUDE BURRITO,NFS)"
58100130,"BURRITO W/ BEEF & CHEESE, NO BEANS"
58100150,"BURRITO W/ BEEF & POTATO, NO BEANS"
58100155,"Burrito with beef, rice, and cheese"
58100180,"BURRITO W/ PORK & BEANS"
58100210,"BURRITO W/ CHICKEN & BEANS"
58100230,"BURRITO W/ CHICKEN & CHEESE"
58100240,"BURRITO W/ CHICKEN"
58100250,"Burrito with chicken, rice, and cheese"
58100310,"BURRITO W/ BEANS, MEATLESS"
58100340,"BURRITO W/ EGGS, SAUSAGE, CHEESE AND VEGETABLES"
58100350,"BURRITO W/ EGGS & CHEESE,NO BEANS (INCL BREAKFAST B"
58100400,"ENCHILADA W/ BEEF, NO BEANS"
58100410,"Burrito with beef, cheese, and sour cream"
58100510,"ENCHILADA W/ BEEF & BEANS (INCLUDE ENCHILADA, NFS)"
58100600,"ENCHILADA W/ CHICKEN, TOMATO-BASE SAUCE"
58100900,"Enchilada with seafood, tomato-based sauce"
58101200,"Flauta, NFS"
58101230,"FLAUTA W/ BEEF"
58101240,"FLAUTA W/ CHICKEN"
58101300,"TACO/TOSTADA W/ BEEF, CHEESE, LETTUCE"
58101310,"TACO OR TOSTADA W/ BEEF, LETTUCE, TOMATO & SALSA"
58101400,"SOFT TACO W/ BEEF,CHEESE,& LETTUCE(INCL TACO BELL)"
58101510,"TACO / TOSTADA W/ CHICKEN/TURKEY,LETTUCE,TOM,SALSA"
58101530,"SOFT TACO W/ BF, CHEESE, LETT, TOM, SALSA"
58101600,"Soft taco with bean, cheese, and lettuce"
58101710,"TACO / TOSTADA W/ BEANS,MEATLESS,LETTUCE,TOM,SALSA"
58101740,"Soft taco with egg and potato"
58101910,"TACO SALAD W/ BEEF & CHEESE, CORN CHIPS"
58103110,"TAMALE W/ MEAT &/OR POULTRY (INCL TAMALE, NFS)"
58104080,"NACHOS W/ BEEF, BEANS, CHEESE & SOUR CREAM"
58104100,"NACHOS W/ CHEESE, MEATLESS, NO BEANS"
58104110,"NACHOS W/ BEANS, NO CHEESE"
58104140,"NACHOS W/ BEEF & CHEESE"
58104250,"NACHOS WITH CHICKEN/TURKEY & CHEESE"
58104310,"Chalupa with beans, chicken, cheese, lettuce and tomato"
58104450,"CHIMICHANGA W/ BEEF AND TOMATO"
58104510,"CHIMICHANGA W/ BEEF, CHEESE, LETTUCE AND TOMATO"
58104600,"Chimichanga with beef and rice"
58104810,"TAQUITOES"
58106255,"Pizza, extra cheese, regular crust"
58106310,"PIZZA, CHEESE, W/ VEG, NS AS TO TYPE OF CRUST"
58106411,"Pizza with chicken, thin crust"
58106412,"Pizza with chicken, regular crust"
58106413,"Pizza with chicken, thick crust"
58106441,"Pizza with chicken and vegetables, thin crust"
58106442,"Pizza with chicken and vegetables, regular crust"
58106443,"Pizza with chicken and vegetables, thick crust"
58106462,"Pizza with chicken and fruit, regular crust"
58106500,"Pizza with meat, prepared from frozen, thin crust"
58106505,"Pizza with meat, prepared from frozen, thick crust"
58106510,"PIZZA W/ MEAT, NS AS TO TYPE OF CRUST"
58106520,"PIZZA W/ MEAT, THIN CRUST"
58106530,"PIZZA W/ MEAT, THICK CRUST"
58106640,"Pizza with extra meat, NS as to type of crust"
58106710,"PIZZA W/ MEAT & VEG, NS AS TO TYPE OF CRUST"
58106733,"Pizza with extra meat and extra vegetables, prepared from frozen, thin crust"
58106734,"Pizza with extra meat and extra vegetables, prepared from frozen, thick crust"
58106735,"Pizza with extra meat and extra vegetables, NS as to type of crust"
58106780,"PIZZA,W/MEAT & VEGETABLES,LOW FAT, THIN CRUST"
58106910,"Pizza with seafood, thin crust"
58106915,"Pizza with seafood, regular crust"
58106920,"PIZZA W/ SEAFOOD, THICK CRUST"
58107030,"PIZZA, NO CHEESE, NS AS TO TYPE OF CRUST"
58107060,"Pizza, no cheese, regular crust"
58107210,"WHITE PIZZA, NS AS TO TYPE OF CRUST"
58107220,"WHITE PIZZA, THIN CRUST"
58107225,"White pizza, regular crust"
58107230,"WHITE PIZZA, THICK CRUST"
58109000,"ITALIAN PIE, MEATLESS (INCL PRIAZZO FLORENTINE)"
58112110,"DIM SUM, MEAT FILLED (INCL SHRIMP, PORK, HAM)"
58113110,"DUMPLING, FRIED, PORK"
58130010,"LASAGNA W/ MEAT AND/OR POULTRY"
58132110,"SPAGHETTI W/ TOMATO SAUCE, MEATLESS"
58132113,"PASTA, W/ TOMATO SAUCE & CHEESE, CANNED"
58132310,"SPAGHETTI W/TOMAT SAUCE & MEAT SAUCE"
58132313,"PASTA W/ TOMATO SAUCE & MEAT/MEATBALLS, CANNED"
58132340,"Spaghetti with tomato sauce and vegetables"
58132350,"Spaghetti with tomato sauce, meatless, whole wheat noodles"
58132360,"SPAGHETTI, WHOLE WHEAT, W/ TOMATO & MEAT SAUC"
58132450,"Spaghetti with tomato sauce, meatless, made with spinach noodles"
58132460,"SPAGHETTI W/ TOMATO & MEAT"
58132710,"SPAGHETTI W/ TOMATO SAUCE & FRANKFURTERS/HOT DOG"
58132713,"PASTA W/ TOMATO SAUCE & FRANKFURTERS/HOT DOGS, CANNED"
58132800,"SPAGHETTI W/ CLAM SAUCE, NS AS TO RED OR WHITE"
58132810,"SPAGHETTI W/ RED CLAM SAUCE"
58132820,"SPAGHETTI W/ WHITE CLAM SAUCE"
58132910,"SPAGHETTI W/ TOMATO SAUCE & CHICKEN OR TURKEY"
58145114,"MACARONI/NOODLES W/ CHEESE, MADE FROM DRY MIX"
58145115,"MACARONI/NOODLES W/CHEESE, FROM MIX W/PREPARED CHEESE SAUCE"
58145130,"MACARONI OR NOODLES W/ CHEESE & BEEF"
58145150,"MACARONI W/ CHEESE & HAM"
58146100,"PASTA W/ TOMATO SAUCE, MEATLESS"
58146110,"PASTA W/ MEAT SAUCE (INCLUDE AMER CHOP SUEY)"
58146130,"Pasta with carbonara sauce"
58146300,"Pasta, whole wheat, with meat sauce"
58146310,"Pasta, whole wheat, with tomato sauce, meatless"
58147100,"PASTA W/ PESTO SAUCE"
58147310,"MACARONI, CREAMED"
58147350,"MACARONI, CREAMED, W/ VEGETABLES"
58148500,"PASTA OR MACARONI SALAD W/ OIL & VINEGAR-TYPE DRESSING"
58151120,"Sushi, with vegetables, no seafood (no fish or shellfish)"
58151130,"SUSHI, W/ VEG &  SEAFD"
58151140,"SUSHI, W/ VEGETABLES, ROLLED IN SEAWEED"
58151150,"Sushi, with seafood, no vegetables"
58160200,"Rice with vegetables (including carrots, broccoli, and/or dark-green leafy), no sauce, NS as to fat added in cooking"
58160202,"Rice with vegetables (including carrots, broccoli, and/or dark-green leafy), no sauce, fat not added in cooking"
58160204,"Rice with vegetables (including carrots, broccoli, and/or dark-green leafy), no sauce, fat added in cooking"
58160205,"Rice with vegetables (excluding carrots, broccoli, and dark-green leafy), no sauce, NS as to fat added in cooking"
58160207,"Rice with vegetables (excluding carrots, broccoli, and dark-green leafy), no sauce, fat not added in cooking"
58160209,"Rice with vegetables (excluding carrots, broccoli, and dark-green leafy), no sauce, fat added in cooking"
58160210,"Rice with vegetables, no sauce"
58160220,"Rice with vegetables, tomato-based sauce (mixture)"
58160290,"Rice with corn, NS as to fat added in cooking"
58160292,"Rice with corn, fat not added in cooking"
58160294,"Rice with corn, fat added in cooking"
58160300,"RICE W/ PEAS"
58160302,"Rice with peas, fat not added in cooking"
58160304,"Rice with peas, fat added in cooking"
58160310,"Rice with peas and carrots, NS as to fat added in cooking"
58160312,"Rice with peas and carrots, fat not added in cooking"
58160314,"Rice with peas and carrots, fat added in cooking"
58160320,"Rice with tomatoes, NS as to fat added in cooking"
58160322,"Rice with tomatoes, fat not added in cooking"
58160324,"Rice with tomatoes, fat added in cooking"
58161110,"RICE CASSEROLE W/ CHEESE (INCLUDE RISOTTO)"
58161300,"WHITE RICE W/ TOMATO SAUCE"
58161310,"RICE, BROWN, W/ TOMATO SAUCE"
58161400,"Rice, brown, with vegetables (including carrots, broccoli, and/or dark-green leafy), no sauce, NS as to fat added in cooking"
58161402,"Rice, brown, with vegetables (including carrots, broccoli, and/or dark-green leafy), no sauce, fat not added in cooking"
58161404,"Rice, brown, with vegetables (including carrots, broccoli, and/or dark-green leafy), no sauce, fat added in cooking"
58161405,"Rice, brown, with vegetables (excluding carrots, broccoli, and dark-green leafy), no sauce, NS as to fat added in cooking"
58161407,"Rice, brown, with vegetables (excluding carrots, broccoli, and dark-green leafy), no sauce, fat not added in cooking"
58161409,"Rice, brown, with vegetables (excluding carrots, broccoli, and dark-green leafy), no sauce, fat added in cooking"
58161452,"Rice, brown, with tomatoes, fat not added in cooking"
58161454,"Rice, brown, with tomatoes, fat added in cooking"
58163110,"RICE W/ GRAVY"
58163210,"RICE, CREAMED"
58163610,"RICE-VEGETABLE MEDLEY (INCLUDE ITALIAN-STYLE RICE)"
58302010,"MACARONI & CHEESE W/ APPLES, VEGETABLE (FROZ MEAL)"
58302060,"SPAG W/ BEEF, TOM-BASED SAUCE, LOWFAT, RED SODIUM, FRZ, DIET"
58304230,"Ravioli, cheese-filled, with vegetable and fruit (frozen meal)"
58306050,"CHEESE ENCHILADA W/ BEANS & RICE (FROZEN MEAL)"
58306150,"Chicken enchilada with salsa, rice, vegetable, and dessert (diet frozen meal)"
58403020,"Chicken noodle soup, canned, undiluted"
58403030,"CHICKEN NOODLE SOUP, CANNED, LOW SODIUM"
58406010,"TURKEY NOODLE SOUP"
58406020,"Turkey noodle soup, home recipe"
58407000,"INSTANT SOUP, NFS"
58407040,"INSTANT SOUP, RICE (INCLUDE MEAT/CHICKEN FLAVOR)"
58450300,"NOODLE SOUP, MADE W/ MILK"
61119100,"ORANGE PEEL"
61201000,"GRAPEFRUIT JUICE, NFS"
61204600,"Lemon juice, frozen"
61210230,"ORANGE JUICE, CANNED/BOTTLED/CARTON, W/ SUGAR"
61213000,"TANGERINE JUICE, NFS"
61214000,"Grape-tangerine-lemon juice"
61216220,"GRAPEFRUIT & ORANGE JUICE, CANNED, UNSWEETENED"
61219000,"ORANGE & BANANA JUICE"
61219100,"PINEAPPLE-ORANGE-BANANA JUIICE"
61219150,"ORANGE-WHITE GRAPE-PEACH JUICE"
61222000,"Pineapple-grapefruit juice, NFS"
61225000,"PINEAPPLE-ORANGE JUICE, NFS"
61225200,"PINEAPPLE-ORANGE JUICE, CANNED, NS AS TO SWEETENER"
61225220,"PINEAPPLE-ORANGE JUICE, CANNED, UNSWEETENED"
61225600,"PINEAPPLE-ORANGE JUICE, FROZEN, RECONST W/ WATER"
61226000,"STRAWBERRY-BANANA-ORANGE JUICE"
63401020,"APPLE & CABBAGE SALAD W/ DRESSING"
63401030,"APPLE & FRUIT SALAD W/ DRESSING"
63408010,"GUACAMOLE W/ TOMATOES"
63408200,"GUACAMOLE W/ TOMATOES & CHILI PEPPERS"
63412010,"Pear salad with dressing"
64104050,"APPLE JUICE, W/ ADDED VITAMIN C"
64104090,"APPLE JUICE WITH ADDED VITAMIN C AND CALCIUM"
64104150,"APPLE-CHERRY JUICE"
64104200,"APPLE-PEAR JUICE"
64104450,"APPLE-RASPBERRY JUICE"
64104500,"APPLE-GRAPE JUICE"
64105500,"CRANBERRY-WHITE GRAPE JUICE MIXTURE, UNSWEETENED"
64116010,"GRAPE JUICE, NFS"
64116030,"GRAPE JUICE, W/ SUGAR"
64116040,"GRAPE JUICE, LOW CALORIE SWEETENER"
64116050,"GRAPE JUICE, NS AS TO SWEETENED, W/ ADDED VITAMIN C"
64116100,"GRAPE JUICE, UNSWEETENED, W/ ADDED VITAMIN C"
64122030,"PEACH JUICE, W/ SUGAR"
64124010,"PINEAPPLE JUICE, NS AS TO SWEETENED"
64124060,"PINEAPPLE JUICE, UNSWEETENED, W/ VIT C"
64124200,"Pineapple-apple-guava juice, with added vitamin C"
64125000,"PINEAPPLE JUICE-NON-CITRUS JUICE BLEND, UNSWEETENED"
64132020,"PRUNE JUICE, UNSWEETENED"
64134000,"FRUIT SMOOTHIE DRINK, W/ FRUIT ONLY"
67203450,"APPLE-CRANBERRY JUICE, BABY"
67203510,"APPLE-GRAPE JUICE, BABY, W/ CALCIUM"
71001000,"White potato, raw, with or without peel (assume peel not eaten)"
71101100,"WHITE POT,BAKED,PEEL EATEN,NS TO FAT ADDED IN COOK"
71101110,"WHITE POT,BAKED,PEEL EATEN,FAT NOT ADDED IN COOKING"
71101120,"WHITE POT, BAKED,PEEL EATEN, FAT ADDED IN COOKING"
71101150,"White potato skins, with adhering flesh, baked"
71103100,"WHITE POTATO, BOILED, W/ PEEL, NS AS TO FAT"
71103110,"WHITE POTATO, BOILED, W/ PEEL, FAT NOT ADDED"
71103120,"WHITE POTATO, BOILED, W/ PEEL, FAT ADDED"
71103210,"White potato, boiled, without peel, canned, low sodium, fat not added in cooking"
71104000,"WHITE POTATO, ROASTED, NS FAT ADDED"
71104010,"WHITE POTATO, ROASTED, FAT NOT ADDED"
71104020,"WHITE POTATO, ROASTED, FAT ADDED"
71201010,"WHITE POTATO, CHIPS (INCL FLAVORED)"
71201015,"White potato chips, regular cut"
71201020,"White potato chips, ruffled, rippled, or crinkle cut"
71201080,"WHITE POTATO, CHIPS, FAT FREE"
71201090,"WHITE POT CHIPS, FAT FREE, W/ OLEAN"
71201100,"WHITE POTATO, CHIPS, RESTRUCTURED (INCL PRINGLES)"
71201250,"WHITE POTATO, CHIPS, RESTRUCTURED, BAKED"
71204000,"Potato puffs, cheese-filled"
71205000,"WHITE POTATO, STICKS (INCL FRENCH FRY SHAPED)"
71211000,"WHITE POTATO SKINS, CHIPS (INCLUDE TATO SKINS)"
71301000,"WHITE POTATO, COOKED, W/ SAUCE, NS AS TO SAUCE"
71301020,"WHITE POTATO, COOKED, W/ CHEESE (INCL AU GRATIN)"
71301021,"White potato, cooked, with cheese, fat not added in cooking"
71301120,"White potato, cooked, with ham and cheese"
71305010,"WHITE POTATO, SCALLOPED (INCLUDE CREAMED)"
71305011,"White potato, scalloped, fat not added in cooking"
71305110,"WHITE POTATO, SCALLOPED, W/ HAM"
71401035,"White potato, french fries, from frozen, NS as to deep fried or oven baked"
71402040,"WHITE POTATO,FRENCH FRIES,BREADED OR BATTERED"
71402505,"White potato, french fries, with cheese and bacon"
71403000,"WHITE POTATO, HOME FRIES"
71403010,"White potato, home fries, fat not added in cooking"
71405000,"WHITE POTATO, HASH BROWN"
71405020,"WHITE POTATO, HASH BROWN, FROM FROZEN"
71405100,"WHITE POTATO, HASH BROWN W/ CHEESE"
71501015,"WHIT POT, FRESH, MASHED, W/ MILK, SR CM/CR CH"
71501020,"WHITE POTATO, FROM FRESH,MASHED,MADE W/ MILK & FAT"
71501025,"White potato, from fresh, mashed, made with milk, sour cream and/or cream cheese and fat"
71501030,"WHITE POTATO, FROM FRESH, MASHED, MADE W/ FAT"
71501050,"WHITE POTATO, FROM FRESH,MASHED,MADE W/ MILK,FAT & CHEESE"
71501055,"WHIT POT, FR, MASH, W/ SR CM/CM CH & FAT"
71501060,"White potato, from dry, mashed, made with milk, fat and egg"
71501070,"White potato, from dry, mashed, made with milk, fat, egg and cheese"
71501080,"WHITE POTATO,FROM FRESH MASH,NOT MADE W/ MILK/FAT"
71501090,"WHITE POTATO, FROM DRY, MASHED, W/ MILK, NO FAT"
71501200,"WHITE POTATO,COMPLETE DRY MIX,MASHED,MADE W/ WATER"
71501300,"WHITE POTATO, FROM DRY, MASHED, NS AS TO MILK OR FAT"
71501310,"WHITE POTATO, FROM FRESH, MASHED, NS AS TO MILK OR FAT"
71507000,"White potato, stuffed, baked, peel not eaten, NS as to topping"
71507040,"White potato, stuffed, baked, peel not eaten, stuffed with broccoli and cheese sauce"
71507050,"White potato, stuffed, baked, peel not eaten, stuffed with meat in cream sauce"
71508040,"White potato, stuffed, baked, peel eaten, stuffed with broccoli and cheese sauce"
71508060,"WHITE POT, BAKED, STUFD W/ BACON&CHEESE, PEEL EATEN"
71508070,"WHITE POT,STUFF,BAKED,NO PEEL,W/ BACON & CHEESE"
71703000,"Stewed potatoes, Mexican style (Papas guisadas)"
71703040,"STEWED POT W/TOM,MEXICAN(PAPAS GUISADAS CON TOMATE)"
71801040,"POTATO SOUP, INSTANT, MADE FROM DRY MIX"
71802010,"Macaroni and potato soup"
71941120,"Sweetpotatoes, white, Puerto Rican, boiled"
72116140,"CAESAR SALAD (W/ ROMAINE)"
72128510,"Turnip greens, canned, low sodium, cooked, fat not added in cooking"
73111260,"Peas and carrots, canned, low sodium, fat added in cooking"
73111270,"Peas and carrots, canned, low sodium, fat not added in cooking"
73405110,"SWEETPOTATO, BOILED, W/ PEEL, NO FAT ADDED"
73405120,"SWEETPOTATO, BOILED, W/ PEEL, FAT ADDED"
73406010,"Sweet potato with fruit"
73407010,"SWEETPOTATO, CANNED, W/O SYRUP"
73410110,"Sweetpotato, fried"
74304000,"TOMATO JUICE W/ CLAM OR BEEF JUICE"
74402300,"Salsa made with fruit"
74402310,"GREEN TOMATO-CHILE SAUCE, RAW"
74403010,"TOMATO SAUCE"
74403110,"TOMATO PASTE"
74404030,"SPAGHETTI SAUCE W/ MEAT, CANNED, NO EXTRA MEAT"
74406050,"BARBECUE SAUCE, LOW SODIUM"
74502010,"Tomato and lima beans, cooked, fat not added cooking"
74602100,"TOMATO SOUP, CANNED, LOW SODIUM, READY-TO-SERVE"
75200600,"ALGAE, DRIED (INCLUDE SPIRULINA)"
75204110,"BEANS, LIMA,IMMATURE,CANNED,LOW SODIUM,NO FAT ADDED"
75204120,"Beans, lima, immature, canned, low sodium, fat added in cooking"
75215500,"Chives, dried or dehydrated"
75221210,"PARSLEY, COOKED (ASSUME NO FAT ADDED)"
75230100,"Sauerkraut, canned, low sodium"
75302020,"BEANS, GREEN STRING, W/ ONIONS, COOKD, NO FAT ADDED"
75302050,"BEANS, GREEN, & POTATOES, COOKED, NO FAT ADDED"
75316010,"ZUCCHINI W/ TOM SCE, CKD,NO FAT ADDED IN COOKING"
75340100,"VEG COMBO (BROC, CAR, CORN, CAULI),CKD,NS AS TO FAT"
75340110,"VEG COMBINATION (BROC,CAR,CORN,CAULI),FAT NOT ADDED"
75340120,"VEG COMBO (BROC, CAR, CORN, CAULIFL),CKD, FAT ADDED"
75340130,"Vegetable combination (green beans, broccoli, onions, mushrooms), cooked, NS as to fat added in cooking"
75340140,"VEG COMBO(GR BEAN,BROC,ONION,MUSHROOM(COOKED,NO FAT"
75340150,"Vegetable combination (green beans, broccoli, onions, mushrooms), cooked, fat added in cooking"
75440170,"VEGETABLE STICKS, BREADED(INCL CORN,CARROT,GR BEAN)"
75503050,"CUCUMBER PICKLES, FRESH (INCLUDE BREAD & BUTTER)"
75602010,"CAULIFLOWER SOUP, CREAM OF, W/ MILK"
75603000,"CELERY SOUP, CREAM OF, NS AS TO MILK OR WATER ADDED"
75604510,"CUCUMBER SOUP, CREAM OF, W/ MILK"
75607030,"MUSHROOM SOUP, CANNED, UNDILUTED (INCL CREAM OF)"
75607130,"MUSHROOM SOUP, MADE FROM DRY MIX"
75607150,"MUSHROOM SOUP, CM OF, CAN, RED SOD, UNDILUTED"
75609000,"PEA SOUP, NFS"
75609020,"PEA SOUP, PREPARED W/ WATER"
75649030,"VEGETABLE SOUP, CANNED, LOW SODIUM"
75649070,"Vegetable soup, made from dry mix, low sodium"
75651050,"VEGETABLE CHICKEN SOUP, W/ WATER OR READY-TO-SERVE"
75651090,"VEGETABLE CHICKEN SOUP, CAN, LOW SOD, PREP W/ WATER"
75651120,"VEG CHICKEN NOODLE SOUP,PREP W/WATER,READY-TO-SERVE"
75652020,"Vegetable beef soup, canned, undiluted"
75654020,"VEGETARIAN VEGETABLE SOUP, UNDILUTED"
76601010,"VEGETABLE & BACON, BABY, STRAINED"
76607010,"VEGETABLE & HAM, BABY, STRAINED"
76607020,"Vegetable and ham, baby food, junior"
76607030,"Potatoes with cheese and ham, baby food, toddler"
81101510,"LIGHT BUTTER, STICK, UNSALTED"
81102030,"MARGARINE, LIQUID, SALTED"
81103041,"MARGARINE-LIKE SPREAD, MADE W/ YOGURT, STICK, SALTED"
81103060,"Margarine, tub, unsalted"
81103120,"Margarine-like spread, tub, unsalted"
81103140,"Margarine-like spread, tub, sweetened"
81105030,"BUTTER-MARGARINE BLEND, STICK, UNSALTED"
81302020,"BEARNAISE SAUCE"
81302030,"Orange sauce (for duck)"
81324000,"Lecithin"
81330210,"Adobo fresco"
83101500,"BACON DRESSING (HOT)"
83103500,"Feta Cheese Dressing"
83105100,"FRUIT DRESSING, MADE W/ HONEY, OIL, WATER"
83107200,"MAYONNAISE, MADE W/ TOFU"
83108100,"MAYONNAISE, IMITATION, NO CHOLESTEROL"
83110010,"Mayonnaise-type salad dressing, cholesterol-free"
83112600,"CREAM CHEESE DRESSING"
83112900,"Milk, vinegar, and sugar dressing"
83112960,"PEPPERCORN DRESSING"
83112980,"CELERY SEED DRESSING"
83113000,"SWEET & SOUR DRESSING"
83201050,"BLUE OR ROQUEFORT CHEESE DRESSING, REDUCED CALORIE"
83201200,"BLUE/ROQUEFORT CHEESE DRESSING,RED CAL,NO FAT/CHOL"
83202000,"FRENCH DRESSING, LOW CALORIE"
83202010,"FRENCH DRESSING, REDUCED CALORIE,FAT-FREE,CHOL-FREE"
83203250,"MAYONNAISE-TYPE SALAD DRESSING, FAT-FREE"
83204020,"MAYONNAISE, REDUCED-CALORIE/DIET, CHOLESTEROL-FREE"
83204060,"MAYONNAISE-TYPE SALAD DRESSING,DIET,NO CHOLESTEROL"
83205000,"ITALIAN DRESSING, LOW CALORIE"
83205500,"ITALIAN DRESSING, REDUCED CALORIE, FAT-FREE"
83207100,"THOUSAND ISLAND DRSG,REDUCED CAL,FAT-FREE,CHOL-FREE"
83210000,"CREAMY DRESSING W/ BUTTERMILK, NS LOW/REDUCED CAL"
83210050,"Creamy dressing made with sour cream and/or buttermilk and oil, low calorie"
83210200,"CRMY DRSG W/SOUR CRM&/BTTRMILK,RED CAL,NOFAT/CHOL"
83210250,"CRMY DRSG W/SOUR CRM&/BUTTRMILK&OIL,RED CAL,NOCHOC"
83220000,"SALAD DRESSING, LOW CALORIE, OIL-FREE"
91104200,"SUGAR, RAW"
91105010,"FRUCTOSE SWEETENER, SUGAR SUBSTITUTE, DRY POWDER"
91106000,"Sugar substitute, sugar-aspartame blend, dry powder"
91109000,"Blue Agave liquid sweetener, sugar substitute"
91200020,"SUGAR REPLACEMENT, SACCHARIN-BASED, DRY PWD"
91500200,"Gelatin powder, sweetened, dry"
91510100,"GELATIN POWDER, DIETETIC, DRY"
91703350,"BAR NONE CANDY BAR"
91781010,"Snickers Marathon Protein bar"
92105000,"Coffee, liquid concentrate"
92105010,"Coffee, made from liquid concentrate"
92106000,"Coffee, acid neutralized, from powdered instant"
92153100,"Coffee, decaffeinated, with cereal"
92161005,"Cappuccino, sweetened"
92191000,"COFFEE, DRY POWDER, NS AS TO REG OR DECAF"
92205000,"RICE BEVERAGE (INCL RICE TEA)"
92301000,"TEA, NS AS TO TYPE, UNSWEETENED"
92301060,"TEA, NS AS TO TYPE, PRESWEETENED W/ SUGAR"
92301080,"TEA, PRESWEETENED W/ LOW CALORIE SWEETENER"
92301100,"TEA, NS AS TO TYPE, DECAFFEINATED, UNSWEETENED"
92301130,"TEA, NS AS TO TYPE, PRESWEETENED, NS AS TO SWEETNER"
92301160,"TEA, DECAFFEINATED, W/ SUGAR, NFS"
92301180,"TEA, DECAFFEINATED, LOW CALORIE SWEETENER, NFS"
92301190,"TEA, PRESWEETENED, NS SWEETENER, DECAFFEINATED"
92302200,"TEA, LEAF, PRESWEETENED W/ SUGAR"
92302300,"TEA, LEAF, PRESWEETENED W/ LOW CALORIE SWEETENER"
92302400,"TEA, LEAF, PRESWEETENED, NS AS TO SWEETENER"
92302600,"TEA, LEAF, DECAFFEINATED, PRESWEETENED W/ SUGAR"
92302700,"TEA, LEAF, DECAFFEINATED, LOW CALORIE SWEETENER"
92302800,"Tea, leaf, decaffeinated, presweetened, NS as to sweetener"
92304000,"Tea, made from frozen concentrate, unsweetened"
92305000,"TEA, MADE FROM POWDERED INSTANT, PRESWEETENED"
92305800,"TEA, FROM POWDER, DECAFFEINATED, PRESWEETENED"
92306020,"TEA, HERB, PRESWEET W/ SUG"
92306030,"TEA, HERB, PRESWEET W/ LOW CAL SWEET"
92306040,"Tea, herbal, presweetened, NS as to sweetener"
92410330,"Soft drink, cola-type, with higher caffeine"
92417010,"Soft drink, ale type"
92431000,"CARBONATED JUICE DRINK, NS AS TO TYPE OF JUICE"
92510120,"APPLE-CHERRY DRINK"
92510150,"APPLE JUICE DRINK"
92510170,"APPLE-CRANBERRY-GRAPE JUICE DRINK"
92510200,"APPLE-ORANGE-PINEAPPLE JUICE DRINK"
92510310,"Banana-orange drink"
92510410,"BLACK CHERRY DRINK"
92510630,"FRUIT JUICE DRINK, NFS"
92510810,"GRAPEADE & GRAPE DRINK"
92510820,"GRAPE JUICE DRINK"
92510910,"GRAPEFRUIT JUICE DRINK"
92510950,"GUAVA JUICE DRINK"
92511010,"LEMONADE"
92511020,"Lemon-limeade"
92511110,"LIMEADE"
92511200,"ORANGE-MANGO JUICE DRINK"
92511220,"ORANGE DRINK (INCLUDE ORANGE ADE, YABA DABA DEW)"
92511240,"ORANGE-LEMON DRINK"
92511260,"ORANGE-CRANBERRY JUICE DRINK"
92511270,"ORANGE-PEACH JUICE DRINK"
92511280,"ORANGE-GRAPE-BANANA JUICE DRINK"
92511290,"PAPAYA JUICE DRINK"
92511340,"PINEAPPLE-ORANGE JUICE DRINK"
92511350,"ORANGE-RASPBERRY JUICE DRINK"
92511400,"RASPBERRY-FLAVORED DRINK"
92511510,"STRAWBERRY-FLAVORED DRINK"
92520410,"FRUIT DRINK, LOW CALORIE"
92520810,"GRAPE DRINK, LOW CALORIE"
92520910,"LEMONADE, LOW CALORIE"
92530310,"CHERRY DRINK W/ VITAMIN C ADDED"
92530520,"CRANBERRY-APPLE JUICE DRINK W/ VITAMIN C ADDED"
92530710,"GRAPE DRINK W/ VITAMIN C ADDED"
92530810,"GRAPEFRUIT JUICE DRINK W/ VITAMIN C ADDED"
92530840,"GUAVA JUICE DRINK W/ VIT C ADDED"
92530910,"LEMONADE W/ VITAMIN C ADDED"
92531010,"ORANGE DRINK & ORANGEADE W/ VITAMIN C ADDED"
92531020,"ORANGE BREAKFAST DRINK, FROM FROZEN CONCENTRATE"
92531120,"PINEAPPLE-ORANGE JUICE DRINK W/ VITAMIN C ADDED"
92541020,"LEMONADE-FLAV DRINK, FROM POWDER, W/ SUGAR & VIT C"
92541040,"LEMONADE-FLAV DRINK, FROM POWDER, LO CAL, W/ VIT C"
92541100,"Apple cider-flavored drink, made from powdered mix, with sugar and vitamin C added"
92544000,"FRUIT-FLAVOR DRINK, FROM UNSWEET PWDR,W/ VIT C,W/ SUGAR"
92550050,"APPLE-WHITE GRAPE JUICE DRINK,LOW CAL,W/VIT C ADDED"
92550210,"CRANBERRY-APPLE JUICE DRINK, LO CAL, VIT C ADDED"
92550300,"GRAPEFRUIT JUICE DRINK,LOW CALORIE,W/ VITAMIN C"
92551700,"JUICE DRINK, LOW CALORIE"
92552100,"ORANGE-CRANBERRY JUICE DRINK,LOW CAL,W/ VIT C ADDED"
92553000,"FRUIT-FLAVORED THIRST QUENCHER BEVERAGE, LOW CAL"
92560000,"FRUIT-FLAVORED THIRST QUENCHER BEVERAGE"
92560100,"Gatorade Thirst Quencher sports drink"
92560200,"Powerade sports drink"
92565000,"Fruit-flavored sports drink or thirst quencher beverage, low calorie"
92565100,"Gatorade G2 thirst quencher sports drink, low calorie"
92565200,"Powerade Zero sports drink, low calorie"
92570100,"FLUID REPLACEMNT,ELECTROLYTE SOLUTN(INCL PEDIALYTE)"
92570500,"Fluid replacement, 5% glucose in water"
92582120,"Fruit flavored drink, reduced sugar, with high vitamin C, plus added calcium"
92610110,"COCONUT BEVERAGE, P.R."
92611510,"RICE BEVERAGE, MEXICAN (HORCHATA)"
92611600,"Horchata beverage, NFS"
92650000,"RED BULL ENERGY DRINK"
92650005,"Red Bull Energy Drink, sugar-free"
92650100,"Full Throttle Energy Drink"
92650200,"Monster Energy Drink"
92650205,"Mountain Dew AMP Energy Drink"
92650210,"Mountain Dew AMP Energy Drink, sugar-free"
92650700,"Rockstar Energy Drink"
92650705,"Rockstar Energy Drink, sugar-free"
92650800,"Vault Energy Drink"
92650805,"Vault Zero Energy drink"
92651000,"Energy drink"
92731000,"FRUIT-FLAVORED DRINK,NON-CARB,FROM POWDER, W/ SUGAR"
92741000,"FRUIT-FLAVORED DRINK, NON-CARB, FROM LO CAL POWDER"
93301180,"MIXED DRINKS (FOR RECIPE MODIFICATIONS)"
93301220,"Coquito, Puerto Rican (coconut, rum)"
93401000,"WINE, TABLE, DRY (INCL BURGUNDY, CLARET, RHINE)"
93401300,"WINE, COOKING (ASSUME COOKED)"
93404500,"SANGRIA"
93404600,"Sangria, Puerto Rican style"
9.4e+07,"WATER AS AN INGREDIENT"
94220100,"Propel Zero Water"
94220200,"Glaceau Water, low calorie"
95341000,"FUZE Slenderize fortified low calorie fruit juice beverage"
