Main.food.description,Ingredient code
Eggnog,1057
"Dessert topping, semi solid, frozen",1073
"Milk, canned, condensed, sweetened",1095
"Milk, canned, evaporated, with added vitamin D and without added vitamin A",1096
"Milk, canned, evaporated, nonfat, with added vitamin A and vitamin D",1097
"Milk, chocolate, fluid, commercial, whole, with added vitamin A and vitamin D",1102
"Milk, chocolate, fluid, commercial, reduced fat, with added vitamin A and vitamin D",1103
"Milk, chocolate, lowfat, with added vitamin A and vitamin D",1104
Dulce de Leche,1225
"Ice cream, bar or stick, chocolate covered",1237
"Ice cream cone, chocolate covered, with nuts, flavors other than chocolate",1240
"Ice cream sandwich, vanilla, light, no sugar added",1242
"Nutritional supplement for people with diabetes, liquid",1250
"Ice cream bar, stick or nugget, with crunch coating",1264
"Ice cream bar, covered with chocolate and nuts",1300
"Light ice cream, Creamsicle",1302
"Milk, chocolate, lowfat, reduced sugar",1305
Clif Z bar,3000
Zwieback,3217
"Salad dressing, KRAFT Mayo Fat Free Mayonnaise Dressing",4013
"Salad dressing, russian dressing",4015
"Salad dressing, sesame seed dressing, regular",4016
"Salad dressing, thousand island, commercial, regular",4017
"Salad dressing, mayonnaise type, regular, with salt",4018
"Salad dressing, french dressing, reduced fat",4020
"Salad dressing, italian dressing, commercial, reduced fat",4021
"Salad dressing, russian dressing, low calorie",4022
"Salad dressing, thousand island dressing, reduced fat",4023
"Salad dressing, mayonnaise, regular",4025
"Salad dressing, mayonnaise, imitation, soybean",4027
"Sandwich spread, with chopped pickle, regular, unspecified oils",4030
"Salad dressing, italian dressing, commercial, regular",4114
"Salad dressing, french dressing, commercial, regular",4120
"Salad dressing, home recipe, vinegar and oil",4135
"Salad dressing, french dressing, fat-free",4367
"Salad dressing, blue or roquefort cheese dressing, commercial, regular",4539
"Salad dressing, honey mustard dressing, reduced calorie",4686
"Salad dressing, honey mustard, regular",4703
"Salad dressing, poppyseed, creamy",4704
"Salad dressing, caesar, fat-free",4705
"Dressing, honey mustard, fat-free",4706
"Mayonnaise, reduced fat, with olive oil",4708
"Salad dressing, mayonnaise-type, light",4709
"Soup, cream of asparagus, canned, condensed",6001
"Soup, bean with pork, canned, condensed",6004
"Soup, beef broth or bouillon canned, ready-to-serve",6008
"Soup, beef noodle, canned, condensed",6009
"Soup, cream of celery, canned, condensed",6010
"Soup, cheese, canned, condensed",6011
"Soup, chicken broth, canned, condensed",6013
"Soup, chicken, canned, chunky, ready-to-serve",6015
"Soup, cream of chicken, canned, condensed",6016
"Soup, chunky chicken noodle, canned, ready-to-serve",6018
"Soup, chicken noodle, canned, condensed",6019
"Soup, chicken rice, canned, chunky, ready-to-serve",6022
"Soup, chicken with rice, canned, condensed",6023
"Soup, chicken and vegetable, canned, ready-to-serve",6024
"Soup, clam chowder, manhattan style, canned, chunky, ready-to-serve",6027
"CAMPBELL'S, HEALTHY REQUEST, chicken with rice, condensed",6029
"Soup, clam chowder, new england, canned, condensed",6030
"Soup, minestrone, canned, chunky, ready-to-serve",6039
"Soup, minestrone, canned, condensed",6040
"Soup, cream of mushroom, canned, condensed",6043
"Soup, mushroom with beef stock, canned, condensed",6044
"Soup, onion, canned, condensed",6045
"Soup, cream of onion, canned, condensed",6046
"Soup, pea, green, canned, condensed",6049
"Soup, pea, split with ham, canned, chunky, ready-to-serve",6050
"Soup, cream of potato, canned, condensed",6053
"Soup, chunky vegetable, canned, ready-to-serve",6067
"Soup, vegetarian vegetable, canned, condensed",6068
"Soup, chunky beef, canned, ready-to-serve",6070
"Soup, vegetable beef, canned, condensed",6071
"Soup, vegetable with beef broth, canned, condensed",6072
"Soup, beef broth or bouillon, powder, dry",6075
"Soup, cream of vegetable, dry, powder",6101
"Sauce, teriyaki, ready-to-serve",6112
"Gravy, beef, canned, ready-to-serve",6116
"Gravy, chicken, canned or bottled, ready-to-serve",6119
"Gravy, mushroom, dry, powder",6122
"Gravy, turkey, canned, ready-to-serve",6125
"Soup, chicken noodle, dry, mix",6128
"Soup, chicken mushroom, canned, condensed",6149
"Sauce, barbecue",6150
"Soup, tomato, canned, condensed",6159
"Sauce, salsa, ready-to-serve",6164
"Sauce, homemade, white, medium",6166
"Sauce, homemade, white, thick",6167
"Sauce, ready-to-serve, pepper, TABASCO",6169
"Soup, stock, beef, home-prepared",6170
"Soup, stock, chicken, home-prepared",6172
"Soup, stock, fish, home-prepared",6174
"Sauce, hoisin, ready-to-serve",6175
"Sauce, oyster, ready-to-serve",6176
"Soup, minestrone, canned, reduced sodium, ready-to-serve",6177
"Sauce, fish, ready-to-serve",6179
"Soup, cream of mushroom, canned, condensed, reduced sodium",6182
"Soup, chicken broth, less/reduced sodium, ready to serve",6183
"Sauce, teriyaki, ready-to-serve, reduced sodium",6189
"Soup, bean & ham, canned, reduced sodium, prepared with water or ready-to-serve",6190
"Split pea soup, canned, reduced sodium, prepared with water or ready-to serve",6192
"Split pea with ham soup, canned, reduced sodium, prepared with water or ready-to-serve",6193
"Soup, chicken broth, ready-to-serve",6194
"Soup, chicken vegetable with potato and cheese, chunky, ready-to-serve",6208
"Soup, clam chowder, new england, canned, prepared with equal volume low fat (2%) milk",6230
"Soup, cream of shrimp, canned, prepared with equal volume low fat (2%) milk",6256
"Soup, black bean, canned, prepared with equal volume water",6402
"Soup, chicken broth, canned, prepared with equal volume water",6413
"Soup, chicken gumbo, canned, prepared with equal volume water",6417
"Soup, clam chowder, new england, canned, prepared with equal volume water",6430
"Soup, cream of mushroom, canned, prepared with equal volume water",6443
"Soup, pea, green, canned, prepared with equal volume water",6449
"Soup, cream of shrimp, canned, prepared with equal volume water",6456
"Soup, tomato beef with noodle, canned, prepared with equal volume water",6461
"Soup, tomato rice, canned, prepared with equal volume water",6463
"Soup, vegetarian vegetable, canned, prepared with equal volume water",6468
"Soup, vegetable with beef broth, canned, prepared with equal volume water",6472
"Soup, beef broth or bouillon, powder, prepared with water",6475
"Soup, chicken broth or bouillon, dry, prepared with water",6480
"Soup, cream of chicken, dry, mix, prepared with water",6483
"Soup, onion, dry, mix, prepared with water",6494
"Soup, tomato, dry, mix, prepared with water",6498
"Soup, tomato, canned, prepared with equal volume water, commercial",6559
"Soup, ramen noodle, any flavor, dry",6583
"Soup, broccoli cheese, canned, condensed, commercial",6584
"Soup, vegetable broth, ready to serve",6700
"Soup, beef and vegetables, canned, ready-to-serve",6749
"Sauce, pasta, spaghetti/marinara, ready-to-serve",6931
"Soup, cream of chicken, canned, condensed, reduced sodium",6955
"Soup, tomato, canned, condensed, reduced sodium",6956
Fish broth,6963
"Soup, chicken broth, low sodium, canned",6970
"Sauce, worcestershire",6971
"Sauce, tomato chili sauce, bottled, with salt",6972
"Sauce, pasta, spaghetti/marinara, ready-to-serve, low sodium",6976
"Gravy, meat or poultry, low sodium, prepared",6977
"Soup, beef stroganoff, canned, chunky style, ready-to-serve",6980
"Soup, bouillon cubes and granules, low sodium, dry",6981
Blood sausage,7005
"Bologna, beef",7007
"Bratwurst, pork, cooked",7013
"Headcheese, pork",7034
"Knackwurst, knockwurst, pork, beef",7038
"Mortadella, beef, pork",7050
"Pepperoni, beef and pork, sliced",7057
"Pickle and pimiento loaf, pork",7058
Poultry salad sandwich spread,7067
"Salami, cooked, turkey",7070
"Salami, dry or hard, pork, beef",7072
"Sandwich spread, pork, beef",7073
"Thuringer, cervelat, summer sausage, beef, pork",7078
"Sausage, Vienna, canned, chicken, beef, pork",7083
"Frankfurter, beef, pork, and turkey, fat free",7905
"Luncheon meat, pork, ham, and chicken, minced, canned, reduced sodium, added ascorbic acid, includes SPAM, 25% less sodium",7906
"Luncheon meat, pork with ham, minced, canned, includes SPAM (Hormel)",7908
"Scrapple, pork",7951
"Frankfurter, meat and poultry, unheated",7962
"Bologna, meat and poultry",7971
"Cereals ready-to-eat, KELLOGG, KELLOGG'S ALL-BRAN Original",8001
"Cereals ready-to-eat, POST, ALPHA-BITS",8002
"Cereals ready-to-eat, KELLOGG, KELLOGG'S APPLE JACKS",8003
"Cereals ready-to-eat, KELLOGG, KELLOGG'S ALL-BRAN BRAN BUDS",8005
"Cereals ready-to-eat, QUAKER, CAP'N CRUNCH",8010
"Cereals ready-to-eat, QUAKER, CAP'N CRUNCH with CRUNCHBERRIES",8011
"Cereals ready-to-eat, QUAKER, CAP'N CRUNCH'S PEANUT BUTTER CRUNCH",8012
"Cereals ready-to-eat, GENERAL MILLS, CHEERIOS",8013
"Cereals ready-to-eat, KELLOGG, KELLOGG'S COCOA KRISPIES",8014
"Cereals ready-to-eat, POST, COCOA PEBBLES",8015
"Cereals ready-to-eat, GENERAL MILLS, COOKIE CRISP",8017
"Cereals ready-to-eat, QUAKER, QUAKER CRUNCHY BRAN",8018
"Cereals ready-to-eat, GENERAL MILLS, Corn CHEX",8019
"Cereals ready-to-eat, KELLOGG, KELLOGG'S Corn Flakes",8020
"Cereals ready-to-eat, KELLOGG, KELLOGG'S CRACKLIN' OAT BRAN",8023
"Cereals ready-to-eat, RALSTON CRISP RICE",8025
"Cereals ready-to-eat, KELLOGG, KELLOGG'S ALL-BRAN COMPLETE Wheat Flakes",8028
"Cereals ready-to-eat, POST Bran Flakes",8029
"Cereals ready-to-eat, KELLOGG, KELLOGG'S FROOT LOOPS",8030
"Cereals ready-to-eat, KELLOGG'S FROSTED MINI-WHEATS, Big Bite",8031
"Cereals ready-to-eat, KELLOGG, KELLOGG'S FROSTED RICE KRISPIES",8032
"Cereals ready-to-eat, POST, FRUITY PEBBLES",8034
"Cereals ready-to-eat, GENERAL MILLS, GOLDEN GRAHAMS",8035
"Cereals ready-to-eat, granola, homemade",8037
"Cereals ready-to-eat, POST, GRAPE-NUTS Cereal",8038
"Cereals ready-to-eat, POST, GRAPE-NUTS Flakes",8039
"Cereals ready-to-eat, GENERAL MILLS, HONEY NUT CHEERIOS",8045
"Cereals ready-to-eat, POST, Honeycomb Cereal",8046
"Cereals ready-to-eat, QUAKER, KING VITAMAN",8047
"Cereals ready-to-eat, GENERAL MILLS, KIX",8048
"Cereals ready-to-eat, QUAKER, QUAKER OAT LIFE, plain",8049
"Cereals ready-to-eat, GENERAL MILLS, LUCKY CHARMS",8050
"Cereals ready-to-eat, GENERAL MILLS, Honey Nut CHEX",8057
"Cereals ready-to-eat, KELLOGG, KELLOGG'S PRODUCT 19",8058
"Cereals ready-to-eat, QUAKER, SWEET CRUNCH/QUISP",8059
"Cereals ready-to-eat, KELLOGG, KELLOGG'S RAISIN BRAN",8060
"Cereals ready-to-eat, POST Raisin Bran Cereal",8061
"Cereals ready-to-eat, GENERAL MILLS, Rice CHEX",8064
"Cereals ready-to-eat, KELLOGG, KELLOGG'S RICE KRISPIES",8065
"Cereals ready-to-eat, QUAKER, QUAKER Puffed Rice",8066
"Cereals ready-to-eat, KELLOGG, KELLOGG'S SPECIAL K",8067
"Cereals ready-to-eat, KELLOGG, KELLOGG'S CORN POPS",8068
"Cereals ready-to-eat, KELLOGG, KELLOGG'S FROSTED FLAKES",8069
"Cereals ready-to-eat, KELLOGG, KELLOGG'S HONEY SMACKS",8071
"Cereals ready-to-eat, POST, GOLDEN CRISP",8073
"Cereals ready-to-eat, RALSTON TASTEEOS",8074
"Cereals ready-to-eat, GENERAL MILLS, Whole Grain TOTAL",8077
"Cereals ready-to-eat, GENERAL MILLS, TRIX",8078
"Cereals ready-to-eat, POST, Honey Nut Shredded Wheat",8081
"Cereals ready-to-eat, GENERAL MILLS, Wheat CHEX",8082
"Cereals ready-to-eat, MALT-O-MEAL, CORN BURSTS",8083
"Cereals ready-to-eat, wheat germ, toasted, plain",8084
"Cereals ready-to-eat, GENERAL MILLS, Multi-Grain CHEERIOS",8087
"Cereals ready-to-eat, GENERAL MILLS, WHEATIES",8089
"Cereals, QUAKER, corn grits, instant, plain, dry",8092
"Cereals, CREAM OF RICE, dry",8100
"Cereals, CREAM OF WHEAT, regular, 10 minute cooking, dry",8102
"Cereals, CREAM OF WHEAT, instant, dry",8106
"Cereals, oats, regular and quick, not fortified, dry",8120
"Cereals, oats, instant, fortified, plain, dry",8122
"Cereals ready-to-eat, MALT-O-MEAL, MARSHMALLOW MATEYS",8138
"Cereals, whole wheat hot natural cereal, dry",8144
"Cereals ready-to-eat, QUAKER, QUAKER Puffed Wheat",8146
"Cereals ready-to-eat, POST, Shredded Wheat, original big biscuit",8147
"Cereals ready-to-eat, POST, Shredded Wheat, original spoon-size",8148
"Cereals ready-to-eat, KELLOGG, KELLOGG'S Low Fat Granola without Raisins",8189
"Cereals ready-to-eat, POST SELECTS Blueberry Morning",8192
"Cereals ready-to-eat, GENERAL MILLS, REESE'S PUFFS",8194
"Cereals, QUAKER, QUAKER MultiGrain Oatmeal, dry",8200
"Cereals ready-to-eat, GENERAL MILLS, OATMEAL CRISP, Crunchy Almond",8202
"Cereals ready-to-eat, chocolate-flavored frosted puffed corn",8204
"Cereals ready-to-eat, MALT-O-MEAL, COCO-ROOS",8206
"Cereals ready-to-eat, QUAKER, HONEY GRAHAM OH!S",8211
"Cereals ready-to-eat, QUAKER, Oatmeal Squares",8214
"Cereals ready-to-eat, QUAKER, Toasted Multigrain Crisps",8216
"Cereals ready-to-eat, QUAKER, QUAKER 100% Natural Granola with Oats, Wheat, Honey, and Raisins",8218
"Cereals ready-to-eat, GENERAL MILLS, Berry Burst CHEERIOS, Triple Berry",8239
"Cereals ready-to-eat, GENERAL MILLS, HONEY NUT CLUSTERS",8243
"Cereals ready-to-eat, GENERAL MILLS, FIBER ONE Bran Cereal",8244
"Cereals ready-to-eat, GENERAL MILLS, OATMEAL CRISP, Hearty Raisin",8245
"Cereals ready-to-eat, GENERAL MILLS, TOTAL Raisin Bran",8247
"Cereals ready-to-eat, KELLOGG, KELLOGG'S CRISPIX",8259
"Cereals ready-to-eat, GENERAL MILLS, RAISIN NUT BRAN",8261
"Cereals ready-to-eat, GENERAL MILLS, BASIC 4",8262
"Cereals ready-to-eat, GENERAL MILLS, APPLE CINNAMON CHEERIOS",8263
"Cereals ready-to-eat, GENERAL MILLS, FROSTED CHEERIOS",8267
"Cereals ready-to-eat, GENERAL MILLS, FRANKENBERRY",8268
"Cereals ready-to-eat, GENERAL MILLS, COUNT CHOCULA",8270
"Cereals ready-to-eat, GENERAL MILLS, COCOA PUFFS",8271
"Cereals ready-to-eat, GENERAL MILLS, CINNAMON TOAST CRUNCH",8272
"Cereals ready-to-eat, GENERAL MILLS, BOO BERRY",8273
"Cereals ready-to-eat, GENERAL MILLS, BERRY BERRY KIX",8274
"Cereals ready-to-eat, KELLOGG, KELLOGG'S Low Fat Granola with Raisins",8284
"Cereals ready-to-eat, KELLOGG, KELLOGG'S MUESLIX",8286
"Cereals ready-to-eat, KELLOGG, KELLOGG'S RICE KRISPIES TREATS Cereal",8288
"Cereals ready-to-eat, HEALTH VALLEY, FIBER 7 Flakes",8290
"Cereals ready-to-eat, Post, Waffle Crisp",8305
"Cereals ready-to-eat, KELLOGG, KELLOGG'S HONEY CRUNCH CORN FLAKES",8309
"Cereals ready-to-eat, KELLOGG, KELLOGG'S SMART START Strong Heart Antioxidants Cereal",8318
"Cereals ready-to-eat, MALT-O-MEAL, COLOSSAL CRUNCH",8346
"Cereals ready-to-eat, MALT-O-MEAL, TOOTIE FRUITIES",8349
"Cereals ready-to-eat, KELLOGG, KELLOGG'S MARSHMALLOW FROOT LOOPS",8376
"Cereals ready-to-eat, KELLOGG, KELLOGG'S, RAISIN BRAN CRUNCH",8380
"Cereals ready-to-eat, KELLOGG, KELLOGG'S SPECIAL K Red Berries",8383
"Cereals ready-to-eat, KASHI GOLEAN CRUNCH!",8386
"Cereals ready-to-eat, KASHI HEART TO HEART, Honey Toasted Oat",8387
"Cereals ready-to-eat, KASHI 7 Whole Grain Puffs",8388
"Cereals ready-to-eat, KASHI GOOD FRIENDS",8390
"Cereals ready-to-eat, KASHI GOLEAN",8393
"Cereals ready-to-eat, MALT-O-MEAL, Frosted Flakes",8409
"Cereals ready-to-eat, UNCLE SAM CEREAL",8435
"Cereals ready-to-eat, KASHI, ORGANIC PROMISE Autumn Wheat",8462
"Cereals ready-to-eat, KELLOGG'S, Reduced Sugar Frosted Flakes Cereal",8469
"Cereals ready-to-eat, MALT-O-MEAL, Raisin Bran Cereal",8484
"Cereals ready-to-eat, MALT-O-MEAL, CINNAMON TOASTERS",8494
"Cereals ready-to-eat, MALT-O-MEAL, Cocoa DYNO-BITES",8495
"Cereals ready-to-eat, MALT-O-MEAL, Frosted Mini SPOONERS",8500
"Cereals ready-to-eat, MALT-O-MEAL, Fruity DYNO-BITES",8501
Milk and cereal bar,8510
"Cereals ready-to-eat, GENERAL MILLS, CHOCOLATE LUCKY CHARMS",8513
"Cereals ready-to-eat, KELLOGG, SPECIAL K, Fruit & Yogurt",8531
"Cereals ready-to-eat, KASHI, HEART TO HEART, Oat Flakes & Blueberry Clusters",8538
"Cereals ready-to-eat, KELLOGG'S, SPECIAL K Vanilla Almond",8543
"Cereals ready-to-eat, POST GREAT GRAINS Cranberry Almond Crunch",8544
Rice and Wheat cereal bar,8546
"Cereals ready-to-eat, QUAKER, Christmas Crunch",8550
"Cereals ready-to-eat, GENERAL MILLS, CHEERIOS, Yogurt Burst, strawberry",8553
"Cereals ready-to-eat, POST SELECTS Maple Pecan Crunch",8554
"Cereals ready-to-eat, KASHI GO LEAN CRUNCH!, Honey Almond Flax",8560
"Cereals ready-to-eat, GENERAL MILLS, 25% Less Sugar CINNAMON TOAST CRUNCH",8579
"Cereals ready-to-eat, GENERAL MILLS, DORA THE EXPLORER",8582
"Cereals ready-to-eat, GENERAL MILLS, Fruity CHEERIOS",8583
"Cereals ready-to-eat, KELLOGG'S SPECIAL K Chocolatey Delight",8584
"Cereals ready-to-eat, GENERAL MILLS, 25% Less Sugar TRIX",8586
"Cereals ready-to-eat, KELLOGG, KELLOGG'S CINNABON cereal",8588
"Cereals ready-to-eat, GENERAL MILLS, CHEERIOS, Banana Nut",8592
"Cereals ready-to-eat, GENERAL MILLS, CHEERIOS, Chocolate",8593
"Cereals ready-to-eat, GENERAL MILLS, Chocolate CHEX",8594
"Cereals ready-to-eat, GENERAL MILLS, Cinnamon CHEX",8595
"Cereals ready-to-eat, GENERAL MILLS, FIBER ONE, Caramel Delight",8596
"Cereals ready-to-eat, GENERAL MILLS, FIBER ONE, HONEY CLUSTERS",8598
"Cereals ready-to-eat, GENERAL MILLS, FIBER ONE, RAISIN BRAN CLUSTERS",8599
"Cereals ready-to-eat, KELLOGG, KELLOGG'S SPECIAL K, Cinnamon Pecan",8602
"Cereals ready-to-eat, KELLOGG, KELLOGG'S SPECIAL K Blueberry",8603
"Cereals ready-to-eat, KASHI Honey Sunshine",8610
"Cereals ready-to-eat, POST, HONEY BUNCHES OF OATS with vanilla bunches",8633
"Cereals ready-to-eat, GENERAL MILLS, COCOA PUFFS, 25% Reduced Sugar",8635
"Cereals ready-to-eat, GENERAL MILLS, Oat Cluster CHEERIOS Crunch",8637
"Cereals ready-to-eat, GENERAL MILLS, Honey KIX",8643
"Cereals ready-to-eat, POST, HONEY BUNCHES OF OATS, pecan bunches",8655
"Cereals ready-to-eat, NATURE'S PATH, Organic FLAX PLUS flakes",8656
"Cereals, oats, instant, fortified, maple and brown sugar, dry",8680
"Fruit cocktail, (peach and pineapple and pear and grape and cherry), canned, water pack, solids and liquids",9096
"Fruit cocktail, (peach and pineapple and pear and grape and cherry), canned, light syrup, solids and liquids",9099
"Fruit cocktail, (peach and pineapple and pear and grape and cherry), canned, heavy syrup, solids and liquids",9100
"Peaches, canned, heavy syrup pack, solids and liquids",9241
"Peaches, spiced, canned, heavy syrup pack, solids and liquids",9243
"Peaches, frozen, sliced, sweetened",9250
"Pears, canned, heavy syrup pack, solids and liquids",9257
"Pineapple, canned, light syrup pack, solids and liquids",9269
"Pineapple, canned, heavy syrup pack, solids and liquids",9270
"Plums, canned, purple, juice pack, solids and liquids",9282
"Plums, canned, purple, light syrup pack, solids and liquids",9283
"Raspberries, canned, red, heavy syrup pack, solids and liquids",9304
"Raspberries, frozen, red, sweetened",9306
"Rhubarb, frozen, cooked, with sugar",9310
"Strawberries, canned, heavy syrup pack, solids and liquids",9317
"Strawberries, frozen, sweetened, sliced",9320
"Fruit cocktail, canned, heavy syrup, drained",9351
"Maraschino cherries, canned, drained",9328
"Blueberries, canned, light syrup, drained",9352
"Apricots, canned, heavy syrup, drained",9357
"Cherries, sweet, canned, pitted, heavy syrup, drained",9367
"Peaches, canned, heavy syrup, drained",9370
"Pears, canned, heavy syrup, drained",9374
"Plums, canned, heavy syrup, drained",9379
Candied fruit,9426
"Fruit juice smoothie, NAKED JUICE, GREEN MACHINE",9508
"Cranberry juice blend, 100% juice, bottled, with added vitamin C and calcium",9522
"Fruit juice smoothie, NAKED JUICE, strawberry banana",9531
"Cabbage, kimchi",11118
"Corn, sweet, yellow, canned, cream style, regular pack",11174
"Onion rings, breaded, par fried, frozen, prepared, heated in oven",11296
"Peas and carrots, frozen, cooked, boiled, drained, without salt",11323
"Peas and onions, frozen, cooked, boiled, drained, without salt",11327
"Potatoes, french fried, all types, salt added in processing, frozen, home-prepared, oven heated",11403
"Vegetable juice cocktail, canned",11578
"Vegetables, mixed, canned, drained solids",11581
"Vegetables, mixed, frozen, cooked, boiled, drained, without salt",11584
"Corn, sweet, white, canned, cream style, regular pack",11906
"Pickles, cucumber, sweet (includes bread and butter pickles)",11940
"Pickles, cucumber, sweet, low sodium (includes bread and butter pickles)",11948
"Pickles, chowchow, with cauliflower onion mustard, sweet",11983
"Beverages, Whiskey sour mix, bottled",14028
"Beverages, Mixed vegetable and fruit juice drink, with added nutrients",14119
"Beverages, chocolate drink, milk and soy based, ready to drink, fortified",14163
"Beverages, coffee and cocoa, instant, decaffeinated, with whitener and low calorie sweetener",14204
"Cranberry juice cocktail, bottled",14242
"Citrus fruit juice drink, frozen concentrate",14262
"Beverages, Fruit punch drink, with added nutrients, canned",14267
"Beverages, coffee, instant, vanilla, sweetened, decaffeinated, with non dairy creamer",14270
"Beverages, Tropical Punch, ready-to-drink",14276
"Shake, fast food, vanilla",14347
"Vegetable and fruit juice drink, reduced calorie, with low-calorie sweetener, added vitamin C",14633
"Beverages, milk beverage, reduced fat, flavored and sweetened, Ready-to-drink,  added calcium, vitamin A and vitamin D",14634
"Beverages, vegetable and fruit juice blend, 100% juice, with added vitamins A, C, E",14635
"Beverages, fruit juice drink, reduced sugar, with vitamin E added",14636
"Water, with corn syrup and/or sugar and low calorie sweetener, fruit flavored",14637
"Beverages, Fruit flavored drink, less than 3% juice, not fortified with vitamin C",14645
"Beverages, Fruit flavored drink containing less than 3% fruit juice, with high vitamin C",14646
"Fruit juice drink, greater than 3% fruit juice, high vitamin C and added thiamin",14648
"Fruit juice drink, greater than 3% juice, high vitamin C",14651
"Beverages, nutritional shake mix, high protein, powder",14654
"Fish, anchovy, european, canned in oil, drained solids",15002
"Fish, fish sticks, frozen, prepared",15027
"Beans, baked, canned, with pork and sweet sauce",16010
"Noodles, chinese, cellophane or long rice (mung beans), dehydrated",16082
"Veggie burgers or soyburgers, unprepared",16147
"Peanut spread, reduced sugar",16149
"Peanut butter, smooth, reduced fat",16150
"Peanut butter, smooth, vitamin and mineral fortified",16155
"Peanut butter, smooth style, without salt",16398
"Bagels, plain, enriched, with calcium propionate (includes onion, poppy, sesame)",18001
"Biscuits, plain or buttermilk, frozen, baked",18009
"Biscuits, plain or buttermilk, dry mix",18010
"Biscuits, plain or buttermilk, refrigerated dough, lower fat",18012
"Biscuits, plain or buttermilk, refrigerated dough, lower fat, baked",18013
"Biscuits, plain or buttermilk, refrigerated dough, higher fat, baked",18015
"Bread, cornbread, dry mix, enriched (includes corn muffin mix)",18022
"Bread, cornbread, dry mix, prepared with 2% milk, 80% margarine, and eggs",18023
"Bread, egg",18027
"Bread, french or vienna (includes sourdough)",18029
"Bread, french or vienna, toasted (includes sourdough)",18030
"Bread, italian",18033
"Bread, oatmeal",18039
"Bread, pita, white, enriched",18041
"Bread, pita, whole-wheat",18042
"Bread, protein (includes gluten)",18043
"Bread, pumpernickel",18044
"Bread, reduced-calorie, wheat",18055
"Bread, reduced-calorie, white",18057
"Bread, rye",18060
"Bread, wheat",18064
"Bread, white, commercially prepared (includes soft bread crumbs)",18069
"Bread, white, commercially prepared, toasted",18070
"Bread, whole-wheat, commercially prepared",18075
"Bread crumbs, dry, grated, plain",18079
"Bread sticks, plain",18080
"Bread stuffing, bread, dry mix",18081
"Bread stuffing, bread, dry mix, prepared",18082
"Bread stuffing, cornbread, dry mix, prepared",18085
"Cake, angelfood, dry mix, prepared",18088
"Cake, boston cream pie, commercially prepared",18090
"Cake, cherry fudge with chocolate frosting",18095
"Cake, chocolate, commercially prepared with chocolate frosting, in-store bakery",18096
"Cake, pudding-type, chocolate, dry mix",18097
"Cake, white, prepared from recipe with coconut frosting",18102
"Cake, fruitcake, commercially prepared",18110
"Cake, gingerbread, dry mix",18114
"Cake, pound, commercially prepared, butter (includes fresh and frozen)",18120
"Cake, snack cakes, creme-filled, chocolate with frosting",18127
"Cake, snack cakes, creme-filled, sponge",18128
"Cake, sponge, commercially prepared",18133
"Cake, pudding-type, white, enriched, dry mix",18135
"Cake, yellow, commercially prepared, with chocolate frosting, in-store bakery",18140
"Cake, yellow, commercially prepared, with vanilla frosting",18141
"Cake, pudding-type, yellow, dry mix",18142
"Cake, yellow, enriched, dry mix",18144
Cheesecake commercially prepared,18147
"Cookies, brownies, commercially prepared",18151
"Cookies, butter, commercially prepared, enriched",18155
"Cookies, chocolate wafers",18157
"Cookies, chocolate chip, commercially prepared, regular, lower fat",18158
"Cookies, chocolate chip, commercially prepared, regular, higher fat, enriched",18159
"Cookies, chocolate sandwich, with creme filling, regular",18166
"Cookies, chocolate sandwich, with extra creme filling",18168
"Cookies, fig bars",18170
"Cookies, fortune",18171
"Cookies, gingersnaps",18172
"Cookies, graham crackers, plain or honey (includes cinnamon)",18173
"Cookies, graham crackers, chocolate-coated",18174
"Cookies, ladyfingers, with lemon juice and rind",18175
"Cookies, marshmallow, chocolate-coated (includes marshmallow pies)",18176
"Cookies, molasses",18177
"Cookies, oatmeal, commercially prepared, regular",18178
"Cookies, peanut butter, commercially prepared, regular",18185
"Cookies, peanut butter sandwich, regular",18190
"Cookies, raisin, soft-type",18191
"Cookies, shortbread, commercially prepared, plain",18192
"Cookies, chocolate chip, commercially prepared, special dietary",18198
"Cookies, chocolate sandwich, with creme filling, special dietary",18199
"Cookies, oatmeal, commercially prepared, special dietary",18200
"Cookies, sugar wafer, with creme filling, sugar free",18202
"Cookies, sugar, commercially prepared, regular (includes vanilla)",18204
"Cookies, sugar wafers with creme filling, regular",18209
"Cookies, vanilla sandwich with creme filling",18210
"Puff pastry, frozen, ready-to-bake, baked",18211
"Cookies, vanilla wafers, lower fat",18212
"Cookies, vanilla wafers, higher fat",18213
"Crackers, cheese, regular",18214
"Crackers, crispbread, rye",18216
"Crackers, matzo, plain",18217
"Crackers, melba toast, plain",18220
"Crackers, milk",18223
"Crackers, saltines (includes oyster, soda, soup)",18228
"Crackers, standard snack-type, regular",18229
"Crackers, standard snack-type, sandwich, with cheese filling",18230
"Crackers, standard snack-type, sandwich, with peanut butter filling",18231
"Crackers, wheat, regular",18232
"Crackers, whole-wheat",18235
"Cream puff shell, prepared from recipe",18237
"Croissants, butter",18239
"Croissants, cheese",18241
"Croutons, seasoned",18243
"Danish pastry, cinnamon, enriched",18244
"Danish pastry, cheese",18245
"Danish pastry, fruit, enriched (includes apple, cinnamon, raisin, lemon, raspberry, strawberry)",18246
"Doughnuts, cake-type, plain (includes unsugared, old-fashioned)",18248
"Doughnuts, french crullers, glazed",18253
"Doughnuts, yeast-leavened, glazed, enriched (includes honey buns)",18255
"English muffins, plain, enriched, with ca prop (includes sourdough)",18258
"English muffins, wheat",18264
"Ice cream cones, cake or wafer-type",18271
"Ice cream cones, sugar, rolled-type",18272
"Muffins, blueberry, commercially prepared (Includes mini-muffins)",18274
"Muffins, corn, commercially prepared",18279
"Muffins, oat bran",18283
"Pancakes plain, frozen, ready-to-heat (includes buttermilk)",18288
"Pancakes, plain, dry mix, incomplete (includes buttermilk)",18291
"Pancakes, buckwheat, dry mix, incomplete",18295
"Pie, apple, commercially prepared, enriched flour",18301
"Pie, banana cream, prepared from recipe",18304
"Pie, blueberry, commercially prepared",18305
"Pie, cherry, commercially prepared",18308
"Pie, chocolate creme, commercially prepared",18310
"Pie, coconut creme, commercially prepared",18313
"Pie, egg custard, commercially prepared",18317
"Pie, fried pies, fruit",18319
"Pie, lemon meringue, commercially prepared",18320
"Pie, mince, prepared from recipe",18322
"Pie, peach",18323
"Pie, pecan, commercially prepared",18324
"Pie, pumpkin, commercially prepared",18326
"Pie, vanilla cream, prepared from recipe",18328
"Pie crust, standard-type, frozen, ready-to-bake, enriched, baked",18335
Phyllo dough,18338
"Rolls, dinner, plain, commercially prepared (includes brown-and-serve)",18342
"Rolls, dinner, wheat",18347
"Rolls, dinner, whole-wheat",18348
"Rolls, french",18349
"Rolls, hamburger or hotdog, plain",18350
"Rolls, hamburger or hotdog, mixed-grain",18351
"Rolls, hard (includes kaiser)",18353
"Strudel, apple",18354
"Sweet rolls, cinnamon, commercially prepared with raisins",18356
"Taco shells, baked",18360
"Tortillas, ready-to-bake or -fry, corn",18363
"Tortillas, ready-to-bake or -fry, flour, refrigerated",18364
"Pie crust, standard-type, prepared from recipe, unbaked",18402
"Crackers, saltines, low salt (includes oyster, soda, soup)",18425
"Crackers, whole-wheat, low salt",18429
"Cake, pound, commercially prepared, fat-free",18451
"Crackers, saltines, fat-free, low-sodium",18457
"Breakfast tart, low fat",18459
"Waffle, buttermilk, frozen, ready-to-heat, toasted",18933
"Toaster Pastries, fruit, frosted (include apples, blueberry, cherry, strawberry)",18938
"Muffin, blueberry, commercially prepared, low-fat",18940
"Pie Crust, Cookie-type, Graham Cracker, Ready Crust",18942
"Pie Crust, Cookie-type, Chocolate, Ready Crust",18943
"Crackers, whole-wheat, reduced fat",18949
"Crackers, wheat, reduced fat",18950
"Bread, pan dulce, sweet yeast bread",18955
"Garlic bread, frozen",18963
"Cinnamon buns, frosted (includes honey buns)",18964
"Crackers, cheese, reduced fat",18965
"Crackers, saltines, whole wheat (includes multi-grain)",18966
"Bread, white wheat",18967
"Bagels, wheat",18968
"Cream puff, eclair, custard or cream filled, iced",18969
"Bread, potato",18971
"Bread, cheese",18972
"Focaccia, Italian flatbread, plain",18973
"Candies, TOBLERONE, milk chocolate with honey and almond nougat",19001
"Snacks, corn-based, extruded, chips, plain",19003
"Snacks, corn-based, extruded, onion-flavor",19007
"Snacks, corn-based, extruded, puffs or twists, cheese-flavor",19008
"Snacks, KRAFT, CORNNUTS, plain",19009
"Snacks, fruit leather, pieces",19013
"Snacks, fruit leather, rolls",19014
"Snacks, granola bars, hard, plain",19015
Fruit syrup,19018
"Candy, honey-combed, with peanut butter",19025
"Snacks, granola bars, soft, coated, milk chocolate coating, peanut butter",19026
"Topping, SMUCKER'S MAGIC SHELL",19029
"Syrup, fruit flavored",19030
"Snacks, GENERAL MILLS, CHEX MIX, traditional flavor",19033
"Snacks, popcorn, caramel-coated, with peanuts",19038
"Snacks, popcorn, caramel-coated, without peanuts",19039
"Snacks, potato chips, barbecue-flavor",19042
"Snacks, potato chips, made from dried potatoes, reduced fat",19045
"Snacks, pretzels, hard, plain, salted",19047
"Snacks, M&M MARS, COMBOS Snacks Cheddar Cheese Pretzel",19049
"Snacks, tortilla chips, plain, white corn, salted",19056
"Snacks, tortilla chips, nacho cheese",19057
"Candies, NESTLE, BIT-O'-HONEY Candy Chews",19068
"Candies, NESTLE, BUTTERFINGER Bar",19069
"Candies, butterscotch",19070
"Candies, carob, unsweetened",19071
"Candies, caramels",19074
"Candies, caramels, chocolate-flavor roll",19076
"Candies, semisweet chocolate",19080
"Candies, sweet chocolate",19081
"Candies, sweet chocolate coated fondant",19083
"Candies, confectioner's coating, butterscotch",19085
"Candies, confectioner's coating, peanut butter",19086
"Candies, white chocolate",19087
"Ice creams, vanilla",19095
"Sherbet, orange",19097
"Candies, 5TH AVENUE Candy Bar",19098
"Candies, fondant, prepared-from-recipe",19099
"Candies, fudge, chocolate, prepared-from-recipe",19100
"Candies, fudge, chocolate, with nuts, prepared-from-recipe",19101
"Candies, fudge, vanilla, prepared-from-recipe",19103
"Candies, fudge, vanilla with nuts",19104
"Candies, gumdrops, starch jelly pieces",19106
"Candies, hard",19107
"Candies, jellybeans",19108
"Candies, KIT KAT Wafer Bar",19109
"Candies, NESTLE, BABY RUTH Bar",19111
"Syrups, table blends, pancake, with butter",19113
"Candies, MARS SNACKFOOD US, MARS Almond Bar",19115
"Candies, marshmallows",19116
"Candies, NESTLE, OH HENRY! Bar",19118
"Candies, milk chocolate",19120
"Baking chocolate, mexican, squares",19124
Chocolate-flavored hazelnut spread,19125
"Candies, milk chocolate coated peanuts",19126
"Candies, milk chocolate coated raisins",19127
"Syrups, table blends, pancake, reduced-calorie",19128
"Syrups, table blends, pancake",19129
"Candies, milk chocolate, with almonds",19132
"Candies, milk chocolate, with rice cereal",19134
"Candies, MARS SNACKFOOD US, MILKY WAY Bar",19135
"Candies, HERSHEY'S SKOR Toffee Bar",19136
"Toppings, strawberry",19137
"Candies, MARS SNACKFOOD US, M&M's Peanut Chocolate Candies",19140
"Candies, MARS SNACKFOOD US, M&M's Milk Chocolate Candies",19141
"Candies, MOUNDS Candy Bar",19142
"Candies, MR. GOODBAR Chocolate Bar",19143
"Candies, NESTLE, 100 GRAND Bar",19144
"Candies, peanut bar",19147
"Candies, peanut brittle, prepared-from-recipe",19148
"Candies, REESE'S Peanut Butter Cups",19150
"Candies, REESE'S PIECES Candy",19151
"Candies, ROLO Caramels in Milk Chocolate",19152
"Candies, sesame crunch",19154
"Candies, MARS SNACKFOOD US, SNICKERS Bar",19155
"Candies, MARS SNACKFOOD US, STARBURST Fruit Chews, Original fruits",19156
"Candies, MARS SNACKFOOD US, 3 MUSKETEERS Bar",19159
"Candies, MARS SNACKFOOD US, TWIX Caramel Cookie Bars",19160
"Candies, MARS SNACKFOOD US, TWIX Peanut Butter Cookie Bars",19161
"Candies, WHATCHAMACALLIT Candy Bar",19162
Chewing gum,19163
"Gelatin desserts, dry mix",19172
"Gelatin desserts, dry mix, prepared with water",19173
"Gelatin desserts, dry mix, reduced calorie, with aspartame",19175
"Gelatin desserts, dry mix, reduced calorie, with aspartame, prepared with water",19176
"Gelatins, dry powder, unsweetened",19177
"Puddings, chocolate, ready-to-eat",19183
"Puddings, chocolate, dry mix, instant",19184
"Puddings, chocolate, dry mix, regular, prepared with whole milk",19189
"Puddings, rice, ready-to-eat",19193
"Puddings, vanilla, ready-to-eat",19201
"Puddings, vanilla, dry mix, instant",19202
"Puddings, vanilla, dry mix, regular, prepared with whole milk",19207
"Puddings, tapioca, ready-to-eat",19218
"Frostings, chocolate, creamy, ready-to-eat",19226
"Frostings, vanilla, creamy, ready-to-eat",19230
"Puddings, vanilla, ready-to-eat, fat free",19233
"Puddings, tapioca, ready-to-eat, fat free",19234
"Puddings, chocolate, ready-to-eat, fat free",19235
"Candies, HERSHEY, REESESTICKS crispy wafers, peanut butter, milk chocolate",19249
"Frozen novelties, fruit and juice bars",19263
"Ice creams, chocolate",19270
"Candies, milk chocolate coated coffee beans",19279
"Frozen novelties, ice type, lime",19280
"Frozen novelties, ice type, pop",19283
"Frozen yogurts, vanilla, soft-serve",19293
"Fruit butters, apple",19294
Jams and preserves,19297
Jellies,19300
"Puddings, coconut cream, dry mix, instant",19322
"Puddings, coconut cream, dry mix, regular",19324
"Syrups, chocolate, HERSHEY'S Genuine Chocolate Flavored Lite Syrup",19345
"Syrups, chocolate, fudge-type",19348
"Syrups, table blends, pancake, with 2% maple",19360
"Toppings, butterscotch or caramel",19364
"Toppings, marshmallow cream",19365
"Toppings, nuts in syrup",19367
"Candies, MARS SNACKFOOD US, SKITTLES Original Bite Size Candies",19370
"Snacks, granola bars, soft, uncoated, chocolate chip",19404
"Snack, potato chips, made from dried potatoes, plain",19410
"Snacks, potato chips, plain, salted",19411
"Snacks, potato sticks",19415
"Cheese puffs and twists, corn based, baked, low fat",19434
"Snacks, granola bar, fruit-filled, nonfat",19435
"Snacks, KELLOGG, KELLOGG'S RICE KRISPIES TREATS Squares",19438
"Snacks, KELLOGG'S, NUTRI-GRAIN Cereal Bars, fruit",19441
"Snacks, taro chips",19524
"Snacks, pretzels, hard, plain, made with enriched flour, unsalted",19814
"Potato chips, without salt, reduced fat",19823
"Snacks, tortilla chips, low fat, unsalted",19833
"Candies, sugar-coated almonds",19858
"Frozen novelties, No Sugar Added, FUDGSICLE pops",19871
"Candies, REESE's Fast Break, milk chocolate, peanut butter, soft nougats, candy bar",19896
"Candies, chocolate, dark, NFS (45-59% cacao solids 90%; 60-69% cacao solids 5%; 70-85% cacao solids 5%)",19905
"Candies, crispy bar with peanut butter filling",19910
"Candies, NESTLE, BUTTERFINGER Crisp",19913
"Candies, M&M MARS 3 MUSKETEERS Truffle Crisp",19914
"Syrups, chocolate, HERSHEY'S Sugar free, Genuine Chocolate Flavored, Lite Syrup",19916
"Candies, M&M MARS Pretzel Chocolate Candies",19917
"Candies, fruit snacks, with high vitamin C",19919
"Jams, preserves, marmalades, sweetened with fruit juice",19920
"Candies, Tamarind",19921
"Candies, coconut bar, not chocolate covered",19922
"Candies, HERSHEYS, PAYDAY Bar",19923
"Syrup, NESTLE, chocolate",19924
"Pasta, gluten-free, corn and rice flour, cooked",20657
"Fast foods, biscuit, with egg and bacon",21003
"Fast foods, biscuit, with egg and ham",21004
"Fast Foods, biscuit, with egg and sausage",21005
"Fast foods, biscuit, with egg, cheese, and bacon",21007
"Fast foods, biscuit, with ham",21008
"Fast foods, biscuit, with sausage",21009
"Fast foods, croissant, with egg, cheese, and bacon",21012
"Fast foods, croissant, with egg, cheese, and ham",21013
"Fast foods, croissant, with egg, cheese, and sausage",21014
"Fast foods, egg, scrambled",21018
"Fast foods, english muffin, with cheese and sausage",21020
"Fast foods, english muffin, with egg, cheese, and canadian bacon",21021
"Fast foods, english muffin, with egg, cheese, and sausage",21022
"Fast foods, french toast sticks",21024
"Fast foods, potatoes, hash browns, round pieces or patty",21026
"Fast foods, burrito, with beans and cheese",21061
"Fast foods, burrito, with beans, cheese, and beef",21064
"Fast foods, nachos, with cheese",21078
"Fast foods, nachos, with cheese, beans, ground beef, and tomatoes",21080
"Fast foods, taco with beef, cheese and lettuce, hard shell",21082
"Fast foods, cheeseburger; single, regular patty, with condiments",21090
"Fast foods, cheeseburger; single, regular patty, with condiments and vegetables",21091
"Fast foods, cheeseburger, double, regular patty and bun, with condiments",21094
"Fast foods, cheeseburger; single, large patty; plain",21096
"Fast foods, chicken fillet sandwich, plain with pickles",21102
"Fast foods, hamburger; single, regular patty; with condiments",21108
"Fast foods, roast beef sandwich, plain",21121
"Fast foods, submarine sandwich, cold cut on white bread with lettuce and tomato",21124
"Fast foods, submarine sandwich, roast beef on white bread with lettuce and tomato",21125
"Fast foods, submarine sandwich, tuna on white bread with lettuce and tomato",21126
"Fast foods, hush puppies",21129
"Fast foods, onion rings, breaded and fried",21130
"Fast foods, potato, french fried in vegetable oil",21138
"Fast foods, potato, mashed",21139
"Fast food, biscuit",21142
"Fast foods, submarine sandwich, sweet onion chicken teriyaki on white bread with lettuce, tomato and sweet onion sauce",21151
"Fast foods, submarine sandwich, turkey, roast beef and ham on white bread with lettuce and tomato",21153
"Fast foods, submarine sandwich, oven roasted chicken on white bread with lettuce and tomato",21154
"Fast foods, submarine sandwich, turkey breast on white bread with lettuce and tomato",21155
"Fast foods, submarine sandwich, ham on white bread with lettuce and tomato",21156
"Fast foods, submarine sandwich, meatball marinara on white bread",21158
"Fast foods, submarine sandwich, steak and cheese on white bread with cheese, lettuce and tomato",21160
"Fast foods, submarine sandwich, bacon, lettuce, and tomato on white bread",21162
"Fast foods, hamburger, large, single patty, with condiments",21202
"Pizza, cheese topping, regular crust, frozen, cooked",21224
"Pizza, cheese topping, rising crust, frozen, cooked",21225
"Pizza, meat and vegetable topping, regular crust, frozen, cooked",21226
"Pizza, meat and vegetable topping, rising crust, frozen, cooked",21227
"Fast foods, chicken, breaded and fried, boneless pieces, plain",21229
"Fast Foods, crispy chicken filet sandwich, with lettuce and mayonnaise",21230
"Fast Food, Pizza Chain, 14"" pizza, cheese topping, regular crust",21299
"Fast Food, Pizza Chain, 14"" pizza, cheese topping, thick crust",21300
"Fast Food, Pizza Chain, 14"" pizza, cheese topping, thin crust",21301
"Fast Food, Pizza Chain, 14"" pizza, pepperoni topping, regular crust",21302
"Fast Food, Pizza Chain, 14"" pizza, pepperoni topping, thick crust",21303
"Fast Food, Pizza Chain, 14"" pizza, meat and vegetable topping, regular crust",21304
"Fast foods, griddle cake sandwich, egg, cheese, and sausage",21305
"Fast foods, griddle cake sandwich, sausage",21306
"Fast foods, griddle cake sandwich, egg, cheese, and bacon",21307
"Fast foods, hamburger; double, large patty; with condiments, vegetables and mayonnaise",21389
"Fast foods, hamburger; single, large patty; with condiments, vegetables and mayonnaise",21390
"Fast foods, cheeseburger; double, regular patty; with condiments",21395
"Fast foods, cheeseburger; single, large patty; with condiments, vegetables and mayonnaise",21397
"Fast foods, cheeseburger; single, large patty; with condiments",21398
"Fast foods, cheeseburger; double, regular patty; double decker bun with condiments and special sauce",21400
"Fast foods, chicken tenders",21401
"Fast foods, bagel, with egg, sausage patty, cheese, and condiments",21410
"Fast foods, bagel, with breakfast steak, egg, cheese, and condiments",21411
"Light Ice Cream, soft serve, blended with cookie pieces",21413
"Fast foods, grilled chicken, bacon and tomato club sandwich, with cheese, lettuce, and mayonnaise",21461
"Fast foods, crispy chicken, bacon, and tomato club sandwich, with cheese, lettuce, and mayonnaise",21462
"Yogurt parfait, lowfat, with fruit and granola",21463
"Fast Foods, Fried Chicken, Breast, meat only, skin and breading removed",21464
"Fast Foods, Fried Chicken, Drumstick, meat only, skin and breading removed",21465
"Fast Foods, Fried Chicken, Thigh, meat only, skin and breading removed",21466
"Fast Foods, Fried Chicken, Breast, meat and skin and breading",21469
"Fast Foods, Fried Chicken, Drumstick, meat and skin with breading",21470
"Fast Foods, Fried Chicken, Thigh, meat and skin and breading",21471
"Fast Foods, Fried Chicken, Wing, meat and skin and breading",21472
"Fast Food, Pizza Chain, 14"" pizza, sausage topping, thick crust",21482
"Fast Food, Pizza Chain, 14"" pizza, sausage topping, thin crust",21483
"Fast Food, Pizza Chain, 14"" pizza, sausage topping, regular crust",21484
"Fast Food, Pizza Chain, 14"" pizza, pepperoni topping, thin crust",21485
"Fast foods, taco with beef, cheese and lettuce, soft",21486
"Fast foods, taco with chicken, lettuce and cheese, soft",21487
"Fast foods, quesadilla, with chicken",21488
"Fast Foods, grilled chicken filet sandwich, with lettuce, tomato and spread",21490
"Pizza, cheese topping, thin crust, frozen, cooked",21505
"Fast Food, Pizza Chain, 14"" pizza, cheese topping, stuffed crust",21511
"Fast foods, breakfast burrito, with egg, cheese, and sausage",21519
"Fast foods, breadstick, soft, prepared with garlic and parmesan cheese",21520
"Fast foods, strawberry banana smoothie made with ice and low-fat yogurt",21521
"School Lunch, pizza, cheese topping, thin crust, whole grain, frozen, cooked",21600
"School Lunch, pizza, cheese topping, thick crust, whole grain, frozen, cooked",21601
"School Lunch, pizza, pepperoni topping, thin crust, whole grain, frozen, cooked",21602
"School Lunch, pizza, pepperoni topping, thick crust, whole grain, frozen, cooked",21603
"School Lunch, pizza, sausage topping, thin crust, whole grain, frozen, cooked",21604
"School Lunch, pizza, sausage topping, thick crust, whole grain, frozen, cooked",21605
"School Lunch, chicken nuggets, whole grain breaded",21611
"Macaroni and Cheese, canned entree",22247
"HOT POCKETS, CROISSANT POCKETS Chicken, Broccoli, and Cheddar Stuffed Sandwich, frozen",22535
"HOT POCKETS Ham 'N Cheese Stuffed Sandwich, frozen",22537
"Ravioli, cheese-filled, canned",22899
"Ravioli, meat-filled, with tomato sauce or meat sauce, canned",22900
"Tortellini, pasta with cheese filling, fresh-refrigerated, as purchased",22901
"Chili con carne with beans, canned entree",22904
"Beef stew, canned entree",22905
"Chicken pot pie, frozen entree, prepared",22906
"Beef, corned beef hash, with potato, canned",22908
"Lasagna, cheese, frozen, prepared",22910
"Chili, no beans, canned entree",22911
"Lasagna with meat & sauce, frozen entree",22916
"Egg rolls, pork, refrigerated, heated",22953
"Egg rolls, chicken, refrigerated, heated",22954
"Egg rolls, vegetable, frozen, prepared",22955
"Turkey, stuffing, mashed potatoes w/gravy, assorted vegetables, frozen, microwaved",22957
"Rice bowl with chicken, frozen entree, prepared (includes fried, teriyaki, and sweet and sour varieties)",22958
"Macaroni and cheese dinner with dry sauce mix, boxed, uncooked",22959
"HOT POCKETS, meatballs & mozzarella stuffed sandwich, frozen",22961
"LEAN POCKETS, Ham N Cheddar",22962
Potato salad with egg,22971
"Corn dogs, frozen, prepared",22973
"Chicken, nuggets, dark and white meat, precooked, frozen, not reheated",22974
"Ravioli, cheese with tomato sauce, frozen, not prepared, includes regular and light entrees",22976
"Chicken tenders, breaded, frozen, prepared",22978
"Rice and vermicelli mix, chicken flavor, unprepared",22998
"Snacks, popcorn, microwave, low fat",25001
"Snacks, FRITOLAY, SUNCHIPS, Multigrain Snack, original flavor",25013
"Formulated bar, MARS SNACKFOOD US, SNICKERS MARATHON Protein Performance Bar, Caramel Nut Rush",25015
"Formulated bar, POWER BAR, chocolate",25017
"Formulated bar, SLIM-FAST OPTIMA meal bar, milk chocolate peanut",25020
"Pretzels, soft, unsalted",25024
"Snacks, soy chips or crisps, salted",25025
"Popcorn, microwave, regular (butter) flavor, made with palm oil",25026
"Snacks, vegetable chips, HAIN CELESTIAL GROUP, TERRA CHIPS",25030
"Formulated bar, ZONE PERFECT CLASSIC CRUNCH BAR, mixed flavors",25031
"Snacks, granola bar, KASHI GOLEAN, chewy, mixed flavors",25032
"Snacks, granola bar, KASHI TLC Bar, chewy, mixed flavors",25033
"Snacks, granola bar, chewy, reduced sugar, all flavors",25035
"Snacks, granola bites, mixed flavors",25036
"Snacks, pita chips, salted",25037
"Snacks, granola bars, soft, almond, confectioners coating",25038
"Snacks, granola bars, QUAKER OATMEAL TO GO, all flavors",25039
"Snacks, vegetable chips, made from garden vegetables",25040
"Snacks, candy bits, yogurt covered with vitamin C",25043
"Formulated bar, high fiber, chewy, oats and chocolate",25045
"Snacks, bagel chips, plain",25046
"Snacks, NUTRI-GRAIN FRUIT AND NUT BAR",25048
"Snacks, CLIF BAR, mixed flavors",25051
"Snacks, granola bar, QUAKER, chewy, 90 Calorie Bar",25052
"Snacks, granola bar, GENERAL MILLS NATURE VALLEY, SWEET&SALTY NUT, peanut",25053
"Snacks, granola bar, GENERAL MILLS, NATURE VALLEY, with yogurt coating",25054
"Snacks, granola bar, GENERAL MILLS, NATURE VALLEY, CHEWY TRAIL MIX",25055
"Snacks, granola bar, QUAKER, DIPPS, all flavors",25056
"Snacks, brown rice chips",25059
"Snack, Pretzel, hard chocolate coated",25060
"Snacks, potato chips, made from dried potatoes (preformed), multigrain",25063
"Snacks, potato chips, lightly salted",25064
"Snacks, Pretzels, gluten- free made with cornstarch and potato flour",25065
"Formulated Bar, SOUTH BEACH protein bar",25067
"Snack, BALANCE, original bar",25068
"Snacks, shrimp cracker",25070
Rice crackers,25071
"Soup, egg drop, Chinese restaurant",27000
"Soup, hot and sour, Chinese restaurant",27001
"Soup, wonton, Chinese restaurant",27002
"Soup, ramen noodle, dry, any flavor, reduced fat, reduced sodium",27035
"Soup, clam chowder, new england, reduced sodium, canned, ready-to-serve",27043
"Soup, chicken noodle, reduced sodium, canned, ready-to-serve",27044
"Sauce, duck, ready-to-serve",27046
"Sauce, salsa, verde, ready-to-serve",27047
"Sauce, steak, tomato based",27048
"Sauce, tartar, ready-to-serve",27049
"Sauce, sweet and sour, ready-to-serve",27050
"Sauce, cocktail, ready-to-serve",27051
"Dip, salsa con queso, cheese and salsa- medium",27052
"Sauce, peanut, made from peanut butter, water, soy sauce",27059
"Soup, chunky vegetable, reduced sodium, canned, ready-to-serve",27060
"Soup, beef barley, ready to serve",27062
"Sauce, enchilada, red, mild, ready to serve",27063
"Dip, bean, original flavor",27065
"Bread, chapati or roti, whole wheat, commercially prepared, frozen",28285
"Bread, paratha, whole wheat, commercially prepared, frozen",28286
"Bread, naan, whole wheat, commercially prepared, refrigerated",28287
"Bread, roll, Mexican, bollilo",28288
"Cookie, vanilla with caramel, coconut, and chocolate coating",28289
"Cookie, with peanut butter filling, chocolate-coated",28290
"Cookies, animal, with frosting or icing",28291
"Crackers, multigrain",28292
"Cookie, butter or sugar, with chocolate icing or filling",28293
"Cookie, chocolate, with icing or coating",28294
"Tortillas, ready-to-bake or -fry, whole wheat",28295
"Cake, snack cakes, creme-filled, chocolate with frosting, low-fat, with added fiber",28296
"Cake, snack cakes, not chocolate, with icing or filling, low-fat, with added fiber",28297
"Cookies, brownies, commercially prepared, reduced fat, with added fiber",28298
"Cookies, chocolate sandwich, with creme filling, reduced fat",28299
"Cookies, oatmeal sandwich, with creme filling",28300
"Cookies, peanut butter, commercially prepared, sugar free",28301
"Cookies, graham crackers, plain or honey, lowfat",28302
"Crackers, cheese, whole grain",28303
"Waffles, whole wheat, lowfat, frozen, ready-to-heat",28304
"Cookies, coconut macaroon",28309
"Cookies, shortbread, reduced fat",28310
"Cookies, sugar wafer, chocolate-covered",28311
"Rolls, hamburger or hot dog, wheat/cracked wheat",28312
"Rolls, hamburger or hot dog, whole wheat",28313
"Crackers, sandwich-type, peanut butter filled, reduced fat",28314
"Bread, cinnamon",28315
"Bread, wheat, sprouted",28316
"Bread, french or vienna, whole wheat",28318
"Rolls, hamburger, whole grain white, calcium-fortified",28321
"Pancakes, whole wheat, dry mix, incomplete",28324
"Crackers, whole grain, sandwich-type, with peanut butter filling",28326
"Crackers, water biscuits",28327
"Cookies, chocolate chip sandwich, with creme filling",28328
"Cookies, chocolate, made with rice cereal",28329
"Cookies, marshmallow, with rice cereal and chocolate chips",28330
"Cookies, gluten-free, chocolate sandwich, with creme filling",28332
"Bread, gluten-free, white, made with rice flour, corn starch, and/or tapioca",28337
"Rolls, gluten-free, white, made with rice flour, rice starch, and corn starch",28341
"Crackers, gluten-free, multi-seeded and multigrain",28345
"Waffles, gluten-free, frozen, ready-to-heat",28346
"Pancakes, gluten-free, frozen, ready-to-heat",28347
"Rolls, dinner, sweet",28348
"Cookies, oatmeal, reduced fat",28349
"Cookies, chocolate cream covered biscuit sticks",28350
"Cookies, Marie biscuit",28351
"Cookies, vanilla sandwich with creme filling, reduced fat",28352
"Bread, multi-grain (includes whole-grain)",28397
"Cookies, animal crackers (includes arrowroot, tea biscuits)",28399
"Sweet Potatoes, french fried, frozen as packaged, salt added in processing",31023
"Peppers, hot pickled, canned",31034
"Potatoes, mashed, ready-to-eat",31036
"Rice and vermicelli mix, rice pilaf flavor, unprepared",32002
"Taquitos, frozen, chicken and cheese, oven-heated",32006
"Taquitos, frozen, beef and cheese, oven-heated",32007
"Pasta mix, classic cheeseburger macaroni, unprepared",32008
"Pasta mix, classic beef, unprepared",32009
"Pasta mix, Italian lasagna, unprepared",32010
"Yellow rice with seasoning, dry packet mix, unprepared",32011
"Pizza rolls, frozen, unprepared",32012
"Potsticker or wonton, pork and vegetable, frozen, unprepared",32013
"Macaroni or noodles with cheese, made from reduced fat packaged mix, unprepared",32014
"Turnover, cheese-filled, tomato-based sauce, frozen, unprepared",32015
"Macaroni or noodles with cheese, microwaveable, unprepared",32016
"Rice mix, cheese flavor, dry mix, unprepared",32024
"Dumpling, potato- or cheese-filled, frozen",32025
"Turnover, chicken- or turkey-, and vegetable-filled, reduced fat, frozen",32026
"Turnover, meat- and cheese-filled, tomato-based sauce, reduced fat, frozen",32027
"Turnover, filled with egg, meat and cheese, frozen",32028
"Salisbury steak with gravy, frozen",32031
"Sausage, egg and cheese breakfast biscuit",32032
"Restaurant, family style, fried mozzarella sticks",36012
"Restaurant, family style, french fries",36014
"Restaurant, family style, shrimp, breaded and fried",36016
"Restaurant, family style, macaroni & cheese, from kids' menu",36017
"Restaurant, family style, fish fillet, battered or breaded, fried",36033
"Restaurant, family style, coleslaw",36035
"Restaurant, family style, chili with meat and beans",36037
"Restaurant, Italian, lasagna with meat",36041
"Restaurant, Latino, empanadas, beef, prepared",36403
"Restaurant, Latino, pupusas con queso (pupusas, cheese)",36409
"Restaurant, Latino, pupusas del cerdo (pupusas, pork)",36410
"Restaurant, Latino, tamale, corn",36411
"Restaurant, Mexican, spanish rice",36417
"Restaurant, Mexican, refried beans",36418
"Restaurant, Chinese, fried rice, without meat",36602
"Restaurant, Chinese, general tso's chicken",36618
"Restaurant, Chinese, kung pao chicken",36619
"Restaurant, Chinese, sweet and sour chicken",36621
"Restaurant, Chinese, vegetable chow mein, without meat or noodles",36624
"Restaurant, Chinese, vegetable lo mein, without meat",36625
"Restaurant, Chinese, chicken and vegetables",36626
"Restaurant, Chinese, orange chicken",36629
"Restaurant, Chinese, sesame chicken",36633
"Syrups, grenadine",42040
"Fruit-flavored drink, dry powdered mix, low calorie, with aspartame",42055
"Creamy dressing, made with sour cream and/or buttermilk and oil, reduced calorie",42116
"Imitation cheese, american or cheddar, low cholesterol",42117
"Turkey ham, sliced, extra lean, prepackaged or deli-sliced",42128
"Milk dessert, frozen, milk-fat free, chocolate",42131
"Granola bar, soft, milk chocolate coated, peanut butter",42139
"Candies, MARS SNACKFOOD US, M&M's Peanut Butter Chocolate Candies",42148
"Creamy dressing, made with sour cream and/or buttermilk and oil, reduced calorie, fat-free",42157
"Bologna, beef, low fat",42161
"Turkey and pork sausage, fresh, bulk, patty or link, cooked",42173
"Candies, MARS SNACKFOOD US, TWIX chocolate fudge cookie bars",42183
"Salad dressing, blue or roquefort cheese dressing, fat-free",42192
"Salad Dressing, mayonnaise-like, fat-free",42193
"Candies, MARS SNACKFOOD US, MILKY WAY Midnight Bar",42196
Papad,42200
"Rice cake, cracker (include hain mini rice cakes)",42204
"Candies, MARS SNACKFOOD US, M&M's Almond Chocolate Candies",42227
"Salad Dressing, coleslaw dressing, reduced fat",42230
"Oil, flaxseed, cold pressed",42231
"Cereals ready-to-eat, frosted oat cereal with marshmallows",42236
"Cereals ready-to-eat, WEETABIX whole grain cereal",42237
"Cereals ready-to-eat, POST, HONEY BUNCHES OF OATS, with almonds",42240
"Snacks, popcorn, home-prepared, oil-popped, unsalted",42259
"Cereals ready-to-eat, POST, GREAT GRAINS Crunchy Pecan Cereal",42261
"Cereals ready-to-eat, POST, GREAT GRAINS, Raisin, Date & Pecan",42265
"Snacks, granola bar, with coconut, chocolate coated",42272
"Frankfurter, meat and poultry, low fat",42280
"Snacks, potato chips, white, restructured, baked",42283
"Cereals ready-to-eat, POST GREAT GRAINS Banana Nut Crunch",42297
"Salad dressing, caesar dressing, regular",43015
"Salad dressing, coleslaw",43016
"Salad dressing, green goddess, regular",43017
"Salad dressing, blue or roquefort cheese, low calorie",43020
"Salad dressing, caesar, low calorie",43021
"Syrups, sugar free",43026
"Jellies, no sugar (with sodium saccharin), any flavors",43027
"Candies, chocolate covered, caramel with nuts",43031
"Candies, nougat, with almonds",43046
"Candies, gum drops, no sugar or low calorie (sorbitol)",43057
"Candies, hard, dietetic or low calorie (sorbitol)",43058
"Candies, chocolate covered, low sugar or low calorie",43059
"Breakfast bars, oats, sugar, raisins, coconut (include granola bar)",43100
"Vermicelli, made from soy",43114
"Beans, liquid from stewed kidney beans",43125
"Chicken, meatless",43128
"Frankfurter, meatless",43130
"Luncheon slices, meatless",43131
"Meatballs, meatless",43132
"Sandwich spread, meatless",43135
Vegetarian meatloaf or patties,43137
"Bacon bits, meatless",43212
"Butter replacement, without fat, powder",43214
"Cereals ready-to-eat, ALPEN",43218
"Cereals ready-to-eat, FAMILIA",43241
"Cereals ready-to-eat, wheat and bran, presweetened with nuts and fruits",43245
"Soybean, curd cheese",43299
"Salad dressing, bacon and tomato",43331
"Jams, preserves, marmalade, reduced sugar",43344
"Fruit-flavored drink, powder, with high vitamin C with other added vitamins, low calorie",43345
"Frozen novelties, juice type, orange",43346
"Tomato and vegetable juice, low sodium",43365
"Chocolate-flavored drink, whey and milk based",43369
"Cereals ready-to-eat, POST, Shredded Wheat n' Bran, spoon-size",43393
"Cranberry-apple juice drink, low calorie, with vitamin C added",43404
"Chicken, meatless, breaded, fried",43410
"Rolls, pumpernickel",43441
"Frozen novelties, juice type, juice with cream",43450
Tofu yogurt,43476
"Cereals ready-to-eat, OAT BRAN FLAKES, HEALTH VALLEY",43495
"Frozen novelties, ice cream type, chocolate or caramel covered, with nuts",43506
"Frankfurter, low sodium",43507
"Frozen novelties, ice type, pop, with low calorie sweetener",43514
"Puddings, chocolate flavor, low calorie, instant, dry mix",44061
"Beverages, Cocktail mix, non-alcoholic, concentrated, frozen",44203
"Puddings, all flavors except chocolate, low calorie, instant, dry mix",44260
"REDUCED SODIUM: Salami, dry or hard, pork, beef",907072
"REDUCED SODIUM: Bologna, meat and poultry",907971
"REDUCED SODIUM: Pepperoni, beef and pork, sliced",907057
"Cereals ready-to-eat, QUAKER, 100% Natural Granola, Oats, Wheat and Honey",8054
"Cereals ready-to-eat, QUAKER, Low Fat 100% Natural Granola with Raisins",8220
"Cereals ready-to-eat, NATURE'S PATH, Organic FLAX PLUS, Pumpkin Granola",8571
"Crackers, cheese, low sodium",18434
"School Lunch, chicken patty, whole grain breaded",21610
"Fish, sardine, Pacific, canned in tomato sauce, drained solids with bone",15089
"Chili with beans, canned",16059